8904686;A study of open source software evolution data using qualitative simulation.;287-300;https://doi.org/10.1002/spip.230;db/journals/sopr/sopr10.html#SmithCR05;10;2005;120419590
8542177;Performance evaluation of multirate time division multiplexed wavelength routed optical networks.;1644-1650;https://doi.org/10.1016/S0140-3664(03)00097-5;db/journals/comcom/comcom26.html#FengerG03;26;2003;120415980
6573991;Study on Quantum Electro-Dynamics in Vertical MOSFET.;552-556;http://search.ieice.org/bin/summary.php?id=e93-c_5_552|https://doi.org/10.1587/transele.E93.C.552;db/journals/ieicet/ieicet93c.html#MuraguchiE10;93-C;2010;120404230
6231151;Hybrid Renewable Energy Source Combined Dynamic Voltage Restorer for Power Quality Improvement.;517-538;https://doi.org/10.32604/csse.2022.019149;db/journals/csse/csse40.html#Kanagaraj22;40;2022;120401890
6722676;Flow Visualization and Analysis Using Streak and Time Lines.;78-84;http://doi.ieeecomputersociety.org/10.1109/MCSE.2012.97|https://doi.org/10.1109/MCSE.2012.97;db/journals/cse/cse14.html#WeinkaufT12;14;2012;120405630
6196431;File size distribution on UNIX systems: then and now.;100-104;https://doi.org/10.1145/1113361.1113364;db/journals/sigops/sigops40.html#TanenbaumHB06;40;2006;120401440
8419739;An Empirical Study on Using Multi-Labels for Issues in GitHub.;134984-134997;https://doi.org/10.1109/ACCESS.2021.3116061;db/journals/access/access9.html#KimL21e;9;2021;120415590
6524343;Tropical Cyclone Rainfall Estimates from FY-3B MWRI Brightness Temperatures Using the WS Algorithm.;1770;https://doi.org/10.3390/rs10111770;db/journals/remotesensing/remotesensing10.html#ZhangWH18;10;2018;120403920
8141196;The Rock Stars of eLearning: An interview with Judy Katz.;5;http://doi.acm.org/10.1145/2513561.2517999;db/journals/elearn/elearn2013.html#Raymer13k;2013;2013;120413710
8713252;Mean sojourn times in two-queue fork-join systems: bounds and approximations.;723-742;https://doi.org/10.1007/s00291-010-0235-y|https://www.wikidata.org/entity/Q56641093;db/journals/ors/ors34.html#KemperM12;34;2012;120417710
6220401;A Novel Particle Filter Aided by Interval Analysis Approach.;1887-1905;https://doi.org/10.1080/03610918.2012.683922;db/journals/cssc/cssc42.html#YangSWM13;42;2013;120401740
8612073;Intelligent fuzzy rough set based feature selection using swarm algorithms with improved initialization.;1155-1164;https://doi.org/10.3233/JIFS-182606;db/journals/jifs/jifs37.html#MainiKMS19;37;2019;120416820
8670168;Bibliometric analysis of Chinese superconductivity research, 1986-2007.;101-119;https://doi.org/10.1108/00012531111103803;db/journals/aslib/aslib63.html#Zhu011;63;2011;120417170
6749612;Local structure preserving discriminative projections for RGB-D sensor-based scene classification.;383-394;https://doi.org/10.1016/j.ins.2015.03.031;db/journals/isci/isci320.html#TaoCLY15;320;2015;120405810
6767674;Cloud Computing for Education: A Systematic Mapping Study.;234-244;https://doi.org/10.1109/TE.2018.2796558;db/journals/te/te61.html#BaldassarreCDGV18;61.0;2018;120405860
8203389;A stochastic representation of cursive Chinese characters for on-line recognition.;903-920;https://doi.org/10.1016/S0031-3203(96)00102-1;db/journals/pr/pr30.html#ChouC97;30;1997;120414080
8100610;Stability and Convergence of Finite-Element Approximation Schemes for Harmonic Maps.;220-238;https://doi.org/10.1137/040606594;db/journals/siamnum/siamnum43.html#Bartels05;43;2005;120413350
8894034;A New Image Encryption Algorithm with Cantor Diagonal Scrambling Based on the PUMCML System.;2150003:1-2150003:30;https://doi.org/10.1142/S0218127421500036;db/journals/ijbc/ijbc31.html#WangGYZW21;31;2021;120419500
8097322;Putative human sperm Interactome: a networks study.;52:1-52:10;https://doi.org/10.1186/s12918-018-0578-6|https://www.wikidata.org/entity/Q52593405;db/journals/bmcsb/bmcsb12.html#OrdinelliBOMB18;12;2018;120413330
8908612;New optimization algorithm inspired by fluid mechanics for combined economic and emission dispatch problem.;3306-3319;https://doi.org/10.3906/elk-1803-88;db/journals/elektrik/elektrik26.html#DongW18;26;2018;120419670
7705230;A Rapid Restoration Method for Infrared Aero-Optical Degraded Image of High-Speed Reconnaissance Aircraft.;835-842;https://doi.org/10.4304/jmm.9.6.835-842;db/journals/jmm2/jmm9.html#ZhaoTL14;9;2014;120409850
7280465;LTE-WLAN aggregation [Industry Perspectives].;4-6;https://doi.org/10.1109/MWC.2016.7553017;db/journals/wc/wc23.html#Nuggehalli16;23;2016;120406560
6486646;Lyapunov-based continuous-time nonlinear controller redesign for sampled-data implementation.;1143-1156;https://doi.org/10.1016/j.automatica.2005.03.001;db/journals/automatica/automatica41.html#NesicG05;41;2005;120403840
8223188;SWIFT: Switch-Level Fault Simulation on GPUs.;122-135;https://doi.org/10.1109/TCAD.2018.2802871;db/journals/tcad/tcad38.html#SchneiderW19;38;2019;120414130
6339558;Enterprise 2.0 Management Challenges.;32-42;https://doi.org/10.4018/jvcsn.2011010104;db/journals/ijvcsn/ijvcsn3.html#PattenK11;3;2011;120402860
8404456;Observer-Based Adaptive Neural Control for Non-Triangular Form Systems With Input Saturation and Full State Constraints.;6072-6083;https://doi.org/10.1109/ACCESS.2018.2887073;db/journals/access/access7.html#ZhangL19;7;2019;120415590
6501142;Asymptotic behavior and finite element error estimates of Kelvin-Voigt viscoelastic fluid flow model.;619-653;https://doi.org/10.1007/s11075-016-0214-8;db/journals/na/na75.html#KunduBP17;75;2017;120403860
7792402;"Comments on ""An Adaptive Pattern Classification System"".";83-84;https://doi.org/10.1109/TSMC.1971.5408609;db/journals/tsmc/tsmc1.html#EnarsonGA71;1;1971;120410690
7899591;Inverse Obstacle Scattering Using Reduced Data.;442-454;https://doi.org/10.1137/S0036139997316598;db/journals/siamam/siamam59.html#KressR98;59;1998;120411790
8698051;A 3.125-to-22-Gb/s multi-rate clock and data recovery using voltage-regulated active filter.;20140953;https://doi.org/10.1587/elex.11.20140953;db/journals/ieiceee/ieiceee11.html#KimYCLHCP14;11;2014;120417560
8261192;A survey on the animation of signing avatars: From sign representation to utterance synthesis.;76-98;https://doi.org/10.1016/j.cag.2020.09.003;db/journals/cg/cg92.html#NaertLG20;92;2020;120414510
6427136;Software Safety.;84-85;http://doi.ieeecomputersociety.org/10.1109/MS.2002.1020292|https://doi.org/10.1109/MS.2002.1020292;db/journals/software/software19.html#Tribble02;19;2002;120403520
7904258;A Cultural Information System Providing e-commerce Web Services, Digital Rights Management and Copyright Protection.;543-571;https://doi.org/10.3217/jucs-013-04-0543;db/journals/jucs/jucs13.html#TsolisSDP07;13;2007;120411820
8188261;VISTA : visualizing global DNA sequence alignments of arbitrary length.;1046-1047;https://doi.org/10.1093/bioinformatics/16.11.1046|https://www.wikidata.org/entity/Q29614270;db/journals/bioinformatics/bioinformatics16.html#MayorBSPRFPD00;16;2000;120413890
7468355;Multi-level shared-weight encoding for abstractive sentence summarization.;2965-2981;https://doi.org/10.1007/s00521-021-06566-7;db/journals/nca/nca34.html#LalST22;34;2022;120407660
8177705;GeneCluster 2.0: an advanced toolset for bioarray analysis.;1797-1798;https://doi.org/10.1093/bioinformatics/bth138|https://www.wikidata.org/entity/Q31051723;db/journals/bioinformatics/bioinformatics20.html#ReichOATM04;20;2004;120413890
7298564;Di-Sense: In situ real-time permittivity estimation and soil moisture sensing using wireless underground communications.;31-41;https://doi.org/10.1016/j.comnet.2019.01.001;db/journals/cn/cn151.html#SalamVI19;151;2019;120406690
6209505;Self-Adaptive Particle Swarm Optimization for Large-Scale Feature Selection in Classification.;50:1-50:27;https://doi.org/10.1145/3340848;db/journals/tkdd/tkdd13.html#XueXZ19;13;2019;120401480
6643855;A Bottom-up Approach with a Clear View of the Top: How Human Evolutionary Psychology Can Inform Adaptive Behavior Research.;83-95;https://doi.org/10.1177/105971239400300106|https://www.wikidata.org/entity/Q60516953;db/journals/adb/adb3.html#MillerT94;3;1994;120405070
8380847;kPWorkbench: A software suit for membrane systems.;100407;https://doi.org/10.1016/j.softx.2020.100407;db/journals/softx/softx11.html#KonurMIG20;11;2020;120415370
8161464;Geometric shape analysis based finger vein deformation detection and correction.;112-125;https://doi.org/10.1016/j.neucom.2018.05.044;db/journals/ijon/ijon311.html#ChenYYY18;311;2018;120413840
8547242;Model-driven design and development of semantic Web service applications.;3;https://doi.org/10.1145/1294148.1294151|https://www.wikidata.org/entity/Q57303047;db/journals/toit/toit8.html#BrambillaCFCCV07;8;2007;120416020
7511329;A Neuromorphic Chip Optimized for Deep Learning and CMOS Technology With Time-Domain Analog and Digital Mixed-Signal Processing.;2679-2689;https://doi.org/10.1109/JSSC.2017.2712626;db/journals/jssc/jssc52.html#MiyashitaKSD17;52;2017;120408140
8695858;Geometrical properties between 2-D image plane and 3-D error space.;333-339;https://doi.org/10.1587/elex.3.333;db/journals/ieiceee/ieiceee3.html#KohZH06;3;2006;120417560
6321661;Global data mining: An empirical study of current trends, future forecasts and technology diffusions.;8172-8181;https://doi.org/10.1016/j.eswa.2012.01.150;db/journals/eswa/eswa39.html#Tsai12b;39;2012;120402750
8903186;Development of a Java-based Mobile application for mathematics learning.;945-964;https://doi.org/10.1007/s10639-020-10287-0;db/journals/eait/eait26.html#AmashaAKAAA21;26;2021;120419580
8676204;Global stability and periodicity in a glucose-insulin regulation model with a single delay.;105659;https://doi.org/10.1016/j.cnsns.2020.105659;db/journals/cnsns/cnsns95.html#AngelovaBIS21;95;2021;120417290
7478898;Correlating Psychophysiological Responses of Exergaming Boxing for Predictive Heart Rate Regression Models in Young Adults.;398-405;https://doi.org/10.1109/TG.2020.3039838;db/journals/tciaig/tciaig12.html#JaiRR20;12;2020;120407820
7372743;A text GAN framework for creative essay recommendation.;107501;https://doi.org/10.1016/j.knosys.2021.107501;db/journals/kbs/kbs232.html#LiangOJHKCSCC21;232;2021;120407220
8670967;Picture information measures for similarity retrieval.;366-375;https://doi.org/10.1016/0734-189X(83)90034-8;db/journals/cvgip/cvgip23.html#ChangY83;23;1983;120417190
6726580;How Not to Measure Social Network Privacy: A Cross-Country Investigation.;1-32;https://doi.org/10.1145/3449218;db/journals/pacmhci/pacmhci5.html#LiAK21;5;2021;120405650
6432485;Queueing analysis of polled service classes in the IEEE 802.16 MAC protocol.;5767-5772;https://doi.org/10.1109/TWC.2009.12.090027;db/journals/twc/twc8.html#Sikdar09;8;2009;120403530
6199520;A Computationally Efficient Outlier-Robust Cubature Kalman Filter for Underwater Gravity Matching Navigation.;1-18;https://doi.org/10.1109/TIM.2022.3141153;db/journals/tim/tim71.html#WangHWWZ22;71;2022;120401460
6615384;A Discrete-event Modeling of ARGESIM Benchmark C20 'Complex Production System' using Flexsim Simulation Software.;55-60;https://doi.org/10.11128/sne.22.bn20.10119;db/journals/simeuro/simeuro22.html#SchulzPSF12;22;2012;120404750
8401606;Optimizing the Locations and Sizes of Solar Assisted Electric Vehicle Charging Stations in an Urban Area.;112772-112782;https://doi.org/10.1109/ACCESS.2020.3003071;db/journals/access/access8.html#JiLYY20;8;2020;120415590
8276655;Privately Matching k-mers.;781;http://eprint.iacr.org/2016/781;db/journals/iacr/iacr2016.html#BedoCRT16;2016;2016;120414630
8794553;Combining modality-specific extreme learning machines for emotion recognition in the wild.;139-149;https://doi.org/10.1007/s12193-015-0175-6;db/journals/jmui/jmui10.html#KayaS16;10;2016;120418510
7969505;Imitation and the dynamics of norms.;197-213;https://doi.org/10.1016/S0165-4896(99)00049-9;db/journals/mss/mss40.html#ConliskGT00;40;2000;120412500
6495739;Analytical and design aspects of magnetically suspended vehicles.;539-552;https://doi.org/10.1016/0005-1098(79)90004-9;db/journals/automatica/automatica15.html#SinhaJ79;15;1979;120403840
8043663;An automatic event-complementing human life summarization scheme based on a social computing method over social media content.;15123-15149;https://doi.org/10.1007/s11042-015-2454-3|https://www.wikidata.org/entity/Q56907436;db/journals/mta/mta75.html#NtalianisD16;75;2016;120412870
8613455;Railway emergency resource dispatching optimization based on fuzzy satisfaction degree under the priority principle.;2677-2686;https://doi.org/10.3233/JIFS-169317;db/journals/jifs/jifs33.html#TangQS17;33;2017;120416820
7978694;Lattice Boltzmann method for general convection-diffusion equations: MRT model and boundary schemes.;147-163;https://doi.org/10.1016/j.jcp.2019.03.045;db/journals/jcphy/jcphy389.html#ZhangZL19;389;2019;120412520
6306115;Cloud Reliability: Possible Sources of Security and Legal Issues?;31-38;http://doi.ieeecomputersociety.org/10.1109/MCC.2018.032591614|https://doi.org/10.1109/MCC.2018.032591614|https://www.wikidata.org/entity/Q57586804;db/journals/cloudcomp/cloudcomp5.html#CinqueRECFK18;5;2018;120402620
7585543;QoS Provisioning in Space Information Networks: Applications, Challenges, Architectures, and Solutions.;58-65;https://doi.org/10.1109/MNET.011.2100056;db/journals/network/network35.html#WuY21;35;2021;120408870
6521687;An Alternative Approach to Mapping Thermophysical Units from Martian Thermal Inertia and Albedo Data Using a Combination of Unsupervised Classification Techniques.;5184-5237;https://doi.org/10.3390/rs6065184|https://www.wikidata.org/entity/Q60539350;db/journals/remotesensing/remotesensing6.html#JonesCMDC14;6;2014;120403920
8935508;The impact of author-selected keywords on citation counts.;1166-1177;https://doi.org/10.1016/j.joi.2016.10.004;db/journals/joi/joi10.html#UddinK16;10;2016;120420040
6648095;An algorithmic approach to analysing the reliability of a controllable unreliable queue with two heterogeneous servers.;934-952;https://doi.org/10.1016/j.ejor.2018.06.007;db/journals/eor/eor271.html#EfrosininS18;271;2018;120405080
6306559;Georeferencing of COVID-19 Positive Nasopharyngeal Swabs to Support Emergency Management in an Area of Northern Italy.;3;https://doi.org/10.3390/ijgi11010003;db/journals/ijgi/ijgi11.html#AiroldiBRBPSFPM22;11;2022;120402640
8423435;Fast and Robust Watermarking Method Based on DCT Specific Location.;100706-100718;https://doi.org/10.1109/ACCESS.2019.2931039;db/journals/access/access7.html#ByunSL19;7;2019;120415590
7875648;A Generic Process for the Design and Generation of Software Product Line Skeleton Architectures.;1301-1336;https://doi.org/10.1142/S0218194014500405;db/journals/ijseke/ijseke24.html#CabelloRSB14;24;2014;120411360
6562907;Performance of Robust OFDM Channel Estimation with Strong Interference Detector.;1053-1056;http://search.ieice.org/bin/summary.php?id=e93-b_4_1053|https://doi.org/10.1587/transcom.E93.B.1053;db/journals/ieicet/ieicet93b.html#Lin10;93-B;2010;120404210
7398051;An Adaptive Supervisory Sliding Fuzzy Cerebellar Model Articulation Controller for Sensorless Vector-Controlled Induction Motor Drive Systems.;7323-7348;https://doi.org/10.3390/s150407323|https://www.wikidata.org/entity/Q35605337;db/journals/sensors/sensors15.html#WangTLCC15;15;2015;120407440
8075716;Exploring the relation between festivals and host cities on Twitter: a study on the impacts of Lucca Comics & Games.;625-648;https://doi.org/10.1007/s40558-020-00185-z;db/journals/jitt/jitt22.html#UriartePCCNTU20;22;2020;120413150
6588140;Utility Models for Goal-Directed, Decision-Theoretic Planners.;392-429;https://doi.org/10.1111/0824-7935.00068;db/journals/ci/ci14.html#HaddawyH98;14;1998;120404320
8934594;Evaluating the Understandability of Android Applications.;44-57;https://doi.org/10.4018/IJSI.2018010104;db/journals/ijsinnov/ijsinnov6.html#SaifanAA18;6;2018;120420030
8553749;An integrated supply chain production-distribution planning with stochastic demands.;35-45;https://doi.org/10.1016/j.cie.2014.08.005;db/journals/candie/candie77.html#NasiriZD14;77;2014;120416140
6483673;Demand-supply chain management: systems implications in an SME packaging business in the UK.;198-212;https://doi.org/10.1504/IJMR.2012.046803;db/journals/ijmr/ijmr7.html#WynnO12;7;2012;120403810
7759701;On the Complexity of Regulated Context-Free Rewriting;10-19;https://doi.org/10.1016/S0019-9958(74)90755-4;db/journals/iandc/iandc25.html#CremersMW74;25;1974;120410560
8683703;Semi-supervised learning with an imperfect supervisor.;385-413;https://doi.org/10.1007/s10115-005-0219-4;db/journals/kais/kais8.html#AminiG05;8;2005;120417350
8152652;Topological Based Scan Matching - Odometry Posterior Sampling in RBPF Under Kinematic Model Failures.;543-568;https://doi.org/10.1007/s10846-017-0730-3;db/journals/jirs/jirs91.html#ThallasTP18;91;2018;120413800
8282972;Algebraic Immunity Hierarchy of Boolean Functions.;259;http://eprint.iacr.org/2007/259;db/journals/iacr/iacr2007.html#TuD07;2007;2007;120414630
8025205;Real-time hook selection: a soft computing enabled future location protection mechanism in WSN using LTR measures and random seeding approach.;6735-6740;https://doi.org/10.1007/s00500-019-04309-4;db/journals/soco/soco24.html#PrasannaS20;24;2020;120412810
6800198;A multi-objective sequential method for manufacturing cost and structural optimization of modular steel towers.;475-497;https://doi.org/10.1007/s00366-019-00709-0;db/journals/ewc/ewc36.html#CicconiCGMV20;36;2020;120406110
8112434;Non-parametric statistical background modeling for efficient foreground region detection.;395-409;https://doi.org/10.1007/s00138-008-0134-2;db/journals/mva/mva20.html#TavakkoliNBN09;20;2009;120413520
6707967;Consensus Problem of Heterogeneous Multi-agent Systems with Time Delay under Fixed and Switching Topologies.;340-346;https://doi.org/10.1007/s11633-014-0798-1;db/journals/ijautcomp/ijautcomp11.html#DaiLL14;11;2014;120405500
7731837;"""A semantics-based approach to machine perception"" by Cory Andrew Henson, with Prateek Jain as coordinator.";3:1;https://doi.org/10.1145/2559858.2559861;db/journals/sigweb/sigweb2014.html#Henson14;2014;2014;120410230
6369349;Ranking Wikipedia article's data quality by learning dimension distributions.;207-227;https://doi.org/10.1504/IJIQ.2014.064056|https://www.wikidata.org/entity/Q66709146;db/journals/ijiq/ijiq3.html#HanC14;3;2014;120403040
7841004;Investigating Perceptions of Avatar Creation for Use in Educational MUVEs.;50-62;https://doi.org/10.4018/jgcms.2009091503;db/journals/ijgcms/ijgcms1.html#DiPietro09;1;2009;120411010
7570542;Mapping of neural network models onto massively parallel hierarchical computer systems.;919-929;https://doi.org/10.1016/S1383-7621(98)00013-7;db/journals/jsa/jsa45.html#MahapatraMC99;45;1999;120408780
8701255;Analysing Time-Stamped Co-Editing Networks in Software Development Teams using git2net.;75;https://doi.org/10.1007/s10664-020-09928-2;db/journals/ese/ese26.html#GoteSS21;26;2021;120417580
7280485;Communicating in the real world: 3D MIMO.;136-144;https://doi.org/10.1109/MWC.2014.6882306;db/journals/wc/wc21.html#ChengYYZLWW14;21;2014;120406560
6594823;Smartphone intelligent applications: a brief review.;103-119;https://doi.org/10.1007/s00530-013-0335-z;db/journals/mms/mms21.html#RashvandH15;21;2015;120404390
8428558;A Survey of Online Data-Driven Proactive 5G Network Optimisation Using Machine Learning.;35606-35637;https://doi.org/10.1109/ACCESS.2020.2975004;db/journals/access/access8.html#MaGZ20;8;2020;120415590
8618859;A Measure of Directional Convexity Inspired by Binary Tomography.;151-167;https://doi.org/10.3233/FI-2015-1269;db/journals/fuin/fuin141.html#BalazsOTN15;141;2015;120416830
7764021;An efficient algorithm for cyclic reference counting.;145-150;https://doi.org/10.1016/S0020-0190(01)00328-3;db/journals/ipl/ipl83.html#Lins02;83;2002;120410570
8078289;Dynamic hybrid simulation of batch processes driven by a scheduling module.;2098-2112;https://doi.org/10.1016/j.compchemeng.2011.04.007;db/journals/cce/cce35.html#FabreHLZ11;35;2011;120413160
7254600;HEVC-Based Perceptually Adaptive Video Coding Using a DCT-Based Local Distortion Detection Probability Model.;3343-3357;https://doi.org/10.1109/TIP.2016.2568459|https://www.wikidata.org/entity/Q53608046;db/journals/tip/tip25.html#BaeKK16;25;2016;120406370
6769871;Electricity generation in a microbial fuel cell with textile carbon fibre anodes.;4-23;https://doi.org/10.1016/j.camwa.2019.11.019;db/journals/cma/cma83.html#FarberGKPRRSU21;83.0;2021;120405870
7460786;Research on the dynamic characteristics of a 3-DOF parallel tool head.;28-37;https://doi.org/10.1108/IR-03-2016-0094;db/journals/irob/irob44.html#WangWWLY17;44;2017;120407650
6520847;Global Validation of MODIS C6 and C6.1 Merged Aerosol Products over Diverse Vegetated Surfaces.;475;https://doi.org/10.3390/rs10030475;db/journals/remotesensing/remotesensing10.html#BilalNQDW18;10;2018;120403920
7304960;Frequency-Dependent Conductivity Contrast for Tissue Characterization Using a Dual-Frequency Range Conductivity Mapping Magnetic Resonance Method.;507-513;https://doi.org/10.1109/TMI.2014.2361689|https://www.wikidata.org/entity/Q41702496;db/journals/tmi/tmi34.html#KimCKJKSKW15;34;2015;120406710
8137026;Zero-Parameter-Information Data Integrity Attacks and Countermeasures in IoT-Based Smart Grid.;6608-6623;https://doi.org/10.1109/JIOT.2021.3049818;db/journals/iotj/iotj8.html#ZhangDYC21;8;2021;120413640
8812517;Asymmetric PML for the absorption of waves. Application to mesh refinement in electromagnetic Particle-In-Cell plasma simulations.;171-177;https://doi.org/10.1016/j.cpc.2004.06.026;db/journals/cphysics/cphysics164.html#VayAH04;164;2004;120418740
7889210;Investigation of Causal Relationship Between Touch Sensations of Robots and Personality Impressions by Path Analysis.;141-150;https://doi.org/10.1007/s12369-018-0483-6;db/journals/ijsr/ijsr11.html#YamashitaIIA19;11;2019;120411560
8541002;Synchronizable test sequence generation using UIO sequences.;653-661;https://doi.org/10.1016/0140-3664(93)90082-4;db/journals/comcom/comcom16.html#UralW93;16;1993;120415980
6194808;Robust H ∞ reliable control for a class of uncertain neutral delay systems.;611-622;https://doi.org/10.1080/00207720210136667;db/journals/ijsysc/ijsysc33.html#WangLXH02;33;2002;120401420
8473153;Covering digraphs by paths.;257-272;https://doi.org/10.1016/0012-365X(78)90007-9;db/journals/dm/dm23.html#Linial78;23;1978;120415690
8403017;Subversion in Practice: How to Efficiently Undermine Signatures.;68799-68811;https://doi.org/10.1109/ACCESS.2019.2918550;db/journals/access/access7.html#BaekSKC19;7;2019;120415590
8159796;Event-trigger-based robust control for nonlinear constrained-input systems using reinforcement learning method.;158-170;https://doi.org/10.1016/j.neucom.2019.02.034;db/journals/ijon/ijon340.html#YangLZX19;340;2019;120413840
7707930;Digital image analysis to enhance underwritten text in the Archimedes palimpsest.;79-87;https://doi.org/10.1007/s10032-006-0028-7;db/journals/ijdar/ijdar9.html#SalernoTB07;9;2007;120409880
7369503;Extending electronic coordination mechanisms using argumentation: the case of task allocation.;325-336;https://doi.org/10.1016/S0950-7051(97)00051-8;db/journals/kbs/kbs10.html#Sillince98;10;1998;120407220
8615235;Learning intents behind interactions with high-order graph for session-based intelligent recommendation.;1679-1691;https://doi.org/10.3233/JIFS-211155;db/journals/jifs/jifs42.html#WangWL22;42;2022;120416820
6378525;Inferring missing links in partially observed social networks.;1373-1383;https://doi.org/10.1057/jors.2008.110;db/journals/jors/jors60.html#RhodesJ09;60;2009;120403120
8540284;Enhanced authentication scheme with anonymity for roaming service in global mobility networks.;611-618;https://doi.org/10.1016/j.comcom.2008.11.032;db/journals/comcom/comcom32.html#ChangLC09;32;2009;120415980
6251936;Multiresolution genetic clustering algorithm for texture segmentation.;955-966;https://doi.org/10.1016/S0262-8856(03)00120-3;db/journals/ivc/ivc21.html#LiC03;21;2003;120402210
7632147;Approximation algorithms for restless bandit problems.;3:1-3:50;https://doi.org/10.1145/1870103.1870106|https://www.wikidata.org/entity/Q56570384;db/journals/jacm/jacm58.html#GuhaMS10;58;2010;120409130
6486832;State feedback design for input-saturating quadratic systems.;1196-1202;https://doi.org/10.1016/j.automatica.2010.03.016|https://www.wikidata.org/entity/Q56935655;db/journals/automatica/automatica46.html#ValmorbidaTG10;46;2010;120403840
6387901;Numerical schemes for modelling time-fractional dynamics of non-isothermal diffusion in soils.;100-114;https://doi.org/10.1016/j.matcom.2018.09.025;db/journals/mcs/mcs157.html#Bohaienko19;157;2019;120403220
7848314;KEPPAN: Knowledge exploitation for proactively-planned ad-hoc networks.;1194-1209;https://doi.org/10.1016/j.jnca.2009.05.003|https://www.wikidata.org/entity/Q57665187;db/journals/jnca/jnca32.html#NoresDABCGRV09;32;2009;120411070
7670269;Évaluation de la pertinence des résultats en recherche d'information géographique. Définition d'un cadre expérimental et validation de l'apport des dimensions de l'information géographique.;169-191;https://doi.org/10.3166/dn.14.2.169-191;db/journals/dn/dn14.html#CabanacPSH11;14;2011;120409570
6512188;Spatiotemporal Comparison and Validation of Three Global-Scale Fractional Vegetation Cover Products.;2524;https://doi.org/10.3390/rs11212524;db/journals/remotesensing/remotesensing11.html#LiuJWXZYZW19;11;2019;120403920
7803846;Implicitly Weighted Methods in Robust Image Analysis.;449-462;https://doi.org/10.1007/s10851-012-0337-z;db/journals/jmiv/jmiv44.html#Kalina12;44;2012;120410770
8590982;Directed ;435-451;https://doi.org/10.1007/BF01302965;db/journals/combinatorica/combinatorica14.html#CheriyanR94;14;1994;120416560
8337942;A simulation-based hybrid backwards scheduling framework for manufacturing systems.;762-774;https://doi.org/10.1080/09511920600678827;db/journals/ijcim/ijcim19.html#LalasMPC06;19;2006;120414960
7857768;Philippe Flajolet's Research in Analysis of Algorithms and Combinatorics.;366-387;https://doi.org/10.1007/PL00009230;db/journals/algorithmica/algorithmica22.html#ProdingerS98;22;1998;120411130
7508404;Introduction to the Special Section on the 2018 Asian Solid-State Circuits Conference (A-SSCC).;2635-2636;https://doi.org/10.1109/JSSC.2019.2931129;db/journals/jssc/jssc54.html#ParkSC19;54;2019;120408140
8970543;Modeling A Certified Email Protocol using I/O Automata.;339-359;https://doi.org/10.1016/j.entcs.2004.02.015;db/journals/entcs/entcs99.html#BlundoCPF04;99;2004;120401300
7261941;An Improved Mixed-Integer Programming Method to Compute Emptiable Minimal Siphons in S;2135-2140;https://doi.org/10.1109/TCST.2017.2754982;db/journals/tcst/tcst26.html#GanWDZW18;26;2018;120406420
8119476;Decomposing Ontologies for the Construction of Distributed Knowledge Bases: The ;1540022:1-1540022:37;https://doi.org/10.1142/S0218213015400229;db/journals/ijait/ijait24.html#SantipantakisV15;24;2015;120413560
6788130;A condition-based maintenance model considering multiple maintenance effects on the dependent failure processes.;108267;https://doi.org/10.1016/j.ress.2021.108267;db/journals/ress/ress220.html#LiuMWCJ22;220;2022;120406000
7262485;Automated crack assessment and quantitative growth monitoring.;656-674;https://doi.org/10.1111/mice.12626;db/journals/cacie/cacie36.html#KongFLWM21;36;2021;120406430
6638355;Automatic Mode Inference for Logic Programs.;207-229;https://doi.org/10.1016/0743-1066(88)90010-6;db/journals/jlp/jlp5.html#DebrayW88;5;1988;120404930
7913678;Binary Filter for Fast Vessel Pattern Extraction.;979-993;https://doi.org/10.1007/s11063-018-9866-9;db/journals/npl/npl49.html#SunLG19;49;2019;120411920
8395873;"Certification of ""Algorithm 475: Visible Surface Plotting Program [J6]"".";381-382;https://doi.org/10.1145/355656.355665;db/journals/toms/toms1.html#Bromage75;1;1975;120415550
6372008;Aliasing and two-dimensional well-balanced for drift-diffusion equations on square grids.;139-168;https://doi.org/10.1090/mcom/3451;db/journals/moc/moc89.html#Gosse20;89;2020;120403050
8387814;Pointwise and global estimate for approximation by rational functions with prescribed numerator degree.;1347-1363;https://doi.org/10.1016/j.jat.2010.02.003;db/journals/jat/jat162.html#YuZZ10;162;2010;120415480
7294766;On the scalability of P2P swarming systems.;93-113;https://doi.org/10.1016/j.comnet.2019.01.006;db/journals/cn/cn151.html#SilvaLMT19;151;2019;120406690
8021541;Sensor-based obstruction avoidance technique for a mobile robot.;331-350;https://doi.org/10.1002/rob.4620010403;db/journals/jfr/jfr1.html#AhluwaliaH84;1;1984;120412770
8611475;Reliable fuzzy output feedback control of nonlinear parabolic distributed parameter systems with sensor faults.;1197-1208;https://doi.org/10.3233/IFS-151727;db/journals/jifs/jifs29.html#QiuD0Y15;29;2015;120416820
8860861;Approximation of the Zero-Index Transmission Eigenvalues with a Conductive Boundary and Parameter Estimation.;80;https://doi.org/10.1007/s10915-020-01183-3;db/journals/jscic/jscic82.html#Harris20;82;2020;120419250
6220699;A Bayesian analysis of a change in the parameters of autoregressive time series.;7008-7021;https://doi.org/10.1080/03610918.2016.1222423;db/journals/cssc/cssc46.html#SlamaS17;46;2017;120401740
8372719;Simulating cyber attacks, defences, and consequences.;479-518;https://doi.org/10.1016/S0167-4048(99)80115-1;db/journals/compsec/compsec18.html#Cohen99;18;1999;120415290
8598118;Node-to-set disjoint paths routing in a metacube.;315-323;https://doi.org/10.1504/IJHPCN.2015.072778;db/journals/ijhpcn/ijhpcn8.html#BossardKP15;8;2015;120416600
7379001;Measuring the impact of COVID-19 restrictions on mobility: A real case study from Italy.;340-349;https://doi.org/10.23919/JCN.2021.000034;db/journals/jcn/jcn23.html#CavallaroBFMB21;23;2021;120407350
6769415;Temperature-related effective properties and exact relations for thermo-magneto-electro-elastic fibrous composites.;980-996;https://doi.org/10.1016/j.camwa.2015.03.005|https://www.wikidata.org/entity/Q59157395;db/journals/cma/cma69.html#Bravo-Castillero15;69.0;2015;120405870
7589141;Mobile Payments in Emerging Markets.;9-13;http://doi.ieeecomputersociety.org/10.1109/MITP.2012.82|https://doi.org/10.1109/MITP.2012.82;db/journals/itpro/itpro14.html#KshetriA12;14;2012;120408910
7844645;Subgame Perfection in Positive Recursive Games with Perfect Information.;193-207;https://doi.org/10.1287/moor.1090.0437;db/journals/mor/mor35.html#FleschKSV10;35;2010;120411050
6499578;An improvement to double-step Newton method and its multi-step version for solving system of nonlinear equations and its applications.;593-607;https://doi.org/10.1007/s11075-016-0163-2;db/journals/na/na74.html#MadhuBJ17;74;2017;120403860
8840926;The impact of MOOCs on library and information science education.;87-98;https://doi.org/10.3233/EFI-190269;db/journals/efi/efi35.html#Borrego19;35;2019;120419030
8914005;Education.;789;https://doi.org/10.1137/SIREAD000050000004000789000001|https://www.wikidata.org/entity/Q58934026;db/journals/siamrev/siamrev50.html#Bernoff08c;50;2008;120419730
6162307;Internal dynamics of multibody systems.;104931;https://doi.org/10.1016/j.sysconle.2021.104931;db/journals/scl/scl152.html#Lanza21;152;2021;120401260
6772585;Autonomous FEs (AFE) - A stride toward personalized medicine.;2417-2432;https://doi.org/10.1016/j.camwa.2020.03.012;db/journals/cma/cma80.html#YosibashMTS20;80.0;2020;120405870
8559029;What is New about the Internet Delay Space?;36-55;https://doi.org/10.4018/IJMCMC.2014100103;db/journals/ijmcmc/ijmcmc6.html#ZhangWWWX14;6;2014;120416190
6384510;Full-Order observer design for nonlinear complex large-scale systems with unknown time-varying delayed interactions.;123-133;https://doi.org/10.1002/cplx.21584;db/journals/complexity/complexity21.html#PhatTT15;21;2015;120403130
7429225;Sensitivity Analysis of the Scattering-Based SARBM3D Despeckling Algorithm.;971;https://doi.org/10.3390/s16070971|https://www.wikidata.org/entity/Q39652429;db/journals/sensors/sensors16.html#Simone16;16;2016;120407440
7660007;Mining Pharmacy Data Helps to Make Profits.;391-398;https://doi.org/10.1023/A:1009748731133;db/journals/datamine/datamine2.html#HamuroKMY98;2;1998;120409440
6488538;On the adoption of a fractional-order sliding surface for the robust control of integer-order LTI plants.;364-371;https://doi.org/10.1016/j.automatica.2014.10.075;db/journals/automatica/automatica51.html#CorradiniGP15;51;2015;120403840
6656470;Artificial neural networks in bankruptcy prediction: General framework and cross-validation analysis.;16-32;https://doi.org/10.1016/S0377-2217(98)00051-4;db/journals/eor/eor116.html#ZhangHPI99;116;1999;120405080
8504970;On Channel Selection for Carrier Aggregation Systems.;808-818;https://doi.org/10.1109/TCOMM.2017.2757478;db/journals/tcom/tcom66.html#TsinosFKL18;66;2018;120415800
7817837;Designing Surfaces in 3-D.;454-460;https://doi.org/10.1145/360303.360329;db/journals/cacm/cacm19.html#Clark76a;19;1976;120410830
7486834;Improving Resilience to Timing Errors by Exposing Variability Effects to Software in Tightly-Coupled Processor Clusters.;216-229;https://doi.org/10.1109/JETCAS.2014.2315883;db/journals/esticas/esticas4.html#RahimiCMGB14;4;2014;120407930
7726236;A Hybrid Descent Method for Global Optimization.;229-238;https://doi.org/10.1023/B:JOGO.0000015313.93974.b0;db/journals/jgo/jgo28.html#YiuLT04;28;2004;120410120
8308028;Performance Optimization of Delayed WiFi Offloading in Heterogeneous Networks.;9436-9447;https://doi.org/10.1109/TVT.2017.2703135;db/journals/tvt/tvt66.html#KoLP17;66;2017;120414780
7917910;Spin-dependent transmission of holes in III-V diluted magnetic semiconductor based heterostructure.;690-694;https://doi.org/10.1016/j.mejo.2005.11.002;db/journals/mj/mj37.html#DakhlaouiJ06a;37;2006;120411940
6185737;A review of priority criteria and decision-making methods applied in selection of sustainable city logistics initiatives and collaboration partners.;5175-5193;https://doi.org/10.1080/00207543.2018.1540892;db/journals/ijpr/ijpr57.html#JamshidiJAR19;57;2019;120401370
8431352;A Novel Resilient Robot: Kinematic Analysis and Experimentation.;2885-2892;https://doi.org/10.1109/ACCESS.2019.2962058;db/journals/access/access8.html#WangQYYZ20;8;2020;120415590
6454089;On Testing Consecutive-ones Property in Parallel.;7-28;https://doi.org/10.1016/S0166-218X(98)00064-X;db/journals/dam/dam88.html#AnnexsteinS98;88;1998;120403620
8755812;Next-Generation Video Network Design Tenets: Building a Better Video Delivery Service.;22-27;https://doi.org/10.1109/MCE.2019.2905485;db/journals/cem/cem8.html#IraschkoS19;8;2019;120418110
7600868;On the Papoulis Sampling Theorem: Some General Conditions.;6722-6730;https://doi.org/10.1109/TIT.2018.2859320;db/journals/tit/tit64.html#MedinaC18;64;2018;120409020
7368574;A personalised TV listings service for the digital TV age.;53-59;https://doi.org/10.1016/S0950-7051(00)00046-0;db/journals/kbs/kbs13.html#SmythC00;13;2000;120407220
8002644;A hybrid customer prediction system based on multiple forward stepwise logistic regression mode.;265-278;https://doi.org/10.3233/IDA-2012-0523;db/journals/ida/ida16.html#SoroushBB12;16;2012;120412670
6221385;A Partially Linear Model with Its Applications.;1673-1680;https://doi.org/10.1080/03610918.2012.674597;db/journals/cssc/cssc42.html#Li13;42;2013;120401740
6442885;Control of Dynamic Noise in Transcendental Julia and Mandelbrot Sets by Superior Iteration Method.;48-59;https://doi.org/10.4018/IJNCR.2018040104;db/journals/ijncr/ijncr7.html#JhaR18;7;2018;120403600
8890953;Various Shadowing in Linear Dynamical Systems.;1950042:1-1950042:10;https://doi.org/10.1142/S0218127419500421;db/journals/ijbc/ijbc29.html#WuZM19;29;2019;120419500
6312613;Content-Based Video Emotion Tagging Augmented by Users' Multiple Physiological Responses.;155-166;https://doi.org/10.1109/TAFFC.2017.2702749;db/journals/taffco/taffco10.html#WangCJ19;10;2019;120402700
7681921;Generating facets for the cut polytope of a graph by triangular elimination.;303-325;https://doi.org/10.1007/s10107-006-0018-z;db/journals/mp/mp112.html#AvisII08;112;2008;120409670
7295935;Joint power and bandwidth allocation in IEEE802.22 based cognitive LTE network.;117-129;https://doi.org/10.1016/j.comnet.2014.06.014;db/journals/cn/cn71.html#AsheralievaM14a;71;2014;120406690
6479039;Towards Accurate Bit Error Simulation in Wireless Sensor Networks Including Environmental Influences.;809-824;https://doi.org/10.1007/s11390-020-0241-8;db/journals/jcst/jcst35.html#PullwittHKW20;35;2020;120403740
8859753;Numerical Convergence Study of Nearly Incompressible, Inviscid Taylor-Green Vortex Flow.;1-27;https://doi.org/10.1007/s10915-004-5407-y;db/journals/jscic/jscic24.html#ShuDGSJ05;24;2005;120419250
8648531;The relationship between negative BOLD responses and ERS and ERD of alpha/beta oscillations in visual and motor cortex.;635-650;https://doi.org/10.1016/j.neuroimage.2019.06.009|https://www.wikidata.org/entity/Q92685767;db/journals/neuroimage/neuroimage199.html#WilsonMFM19;199;2019;120417030
7539532;Hyperspectral Inverse Skinning.;49-65;https://doi.org/10.1111/cgf.13903;db/journals/cgf/cgf39.html#LiuTDG20;39;2020;120408440
8225010;How to be ;381-392;https://doi.org/10.1007/BF01057653;db/journals/sLogica/sLogica52.html#Restall93;52;1993;120414160
7835066;On Erdos-Szekeres-type problems.;447-451;https://doi.org/10.1016/j.endm.2009.07.074;db/journals/endm/endm34.html#Koshelev09;34;2009;120410940
6641001;MapReduce-based Solutions for Scalable SPARQL Querying.;1-18;https://nbn-resolving.org/urn:nbn:de:101:1-201705194824;db/journals/ojsw/ojsw1.html#Gimenez-GarciaF14;1;2014;120404980
6662063;Exploring variable-length features (motifs) for predicting binding sites through interpretable deep neural networks.;104485;https://doi.org/10.1016/j.engappai.2021.104485;db/journals/eaai/eaai106.html#DasariAB21;106;2021;120405090
7478917;Exception-Tolerant Hierarchical Knowledge Bases for Forward Model Learning.;249-262;https://doi.org/10.1109/TG.2020.3008002;db/journals/tciaig/tciaig13.html#ApeldoornD21;13;2021;120407820
7496704;Using Statistical Measures and Machine Learning for Graph Reduction to Solve Maximum Weight Clique Problems.;1746-1760;https://doi.org/10.1109/TPAMI.2019.2954827|https://www.wikidata.org/entity/Q91372985;db/journals/pami/pami43.html#SunLE21;43;2021;120408040
8533539;Symbolic computation in software science.;1-2;https://doi.org/10.1016/j.jsc.2018.04.001;db/journals/jsc/jsc90.html#DavenportK19;90;2019;120415910
7730332;CopperCore service integration.;171-180;https://doi.org/10.1080/10494820701343827;db/journals/ile/ile15.html#VogtenMNTRK07;15;2007;120410200
8174629;Adaptive proportional delay differentiated services: characterization and performance evaluation.;801-817;https://doi.org/10.1109/90.974533;db/journals/ton/ton9.html#LeungLY01;9;2001;120413850
7774521;On fuzzy solution of a linear optimization problem with max-aggregation function relation inequality constraints.;521-533;https://doi.org/10.1007/s10479-017-2483-6;db/journals/anor/anor269.html#MesiarKS18;269;2018;120410630
7800157;The jagstargets R package: a reproducible workflow framework for Bayesian data analysis with JAGS.;3877;https://doi.org/10.21105/joss.03877;db/journals/jossw/jossw6.html#Landau21b;6;2021;120410750
6710174;Joint optimization of representation model and frame segmentation for generic video compression.;105-117;https://doi.org/10.1016/0165-1684(95)00075-O;db/journals/sigpro/sigpro46.html#Reusens95;46;1995;120405540
6517983;The Influence of Region of Interest Heterogeneity on Classification Accuracy in Wetland Systems.;551;https://doi.org/10.3390/rs11050551|https://www.wikidata.org/entity/Q104757499;db/journals/remotesensing/remotesensing11.html#BerhaneCLACA19;11;2019;120403920
6804007;On selective and repetitive constructs.;60-63;https://doi.org/10.1145/988056.988062;db/journals/sigplan/sigplan14.html#Keller79;14;1979;120406150
6504290;A Cognitive Process Model of Document Indexing.;149-166;https://doi.org/10.1108/eb026875|https://www.wikidata.org/entity/Q58630954;db/journals/jd/jd47.html#Farrow91;47;1991;120403910
7642777;Investigating the Users' Approach to ICT Platforms in the City Management.;1;https://doi.org/10.3390/systems5010001;db/journals/systems/systems5.html#CaputoW17;5;2017;120409170
7581167;Crossing Patterns of Segments.;316-325;https://doi.org/10.1006/jcta.2001.3184;db/journals/jct/jcta96.html#PachS01;96;2001;120408820
7809584;Report on proposed American standard flowchart symbols for information processing.;599-604;https://doi.org/10.1145/367651.367657;db/journals/cacm/cacm6.html#Rossheim63;6;1963;120410830
7361389;Robust decentralized adaptive control for a class of uncertain neural networks with time-varying delays.;4154-4163;https://doi.org/10.1016/j.amc.2009.12.018;db/journals/amc/amc215.html#WangHW10;215;2010;120407200
6230240;Uncertainty in Self-adaptive Systems: A Research Community Perspective.;10:1-10:36;https://doi.org/10.1145/3487921;db/journals/taas/taas15.html#Mahdavi-Hezavehi20;15;2020;120401870
7836435;Non-facial and non-verbal affective expression for appearance-constrained robots used in victim management.;219-230;https://doi.org/10.2478/s13230-011-0009-5;db/journals/paladyn/paladyn1.html#BethelM10;1;2010;120410950
6365064;Cryptanalysis of a certificateless signature scheme without pairings.;1375-1381;https://doi.org/10.1002/dac.2310;db/journals/ijcomsys/ijcomsys26.html#TianH13;26;2013;120403020
8288402;An Ideal Compartmented Secret Sharing Scheme Based on Linear Homogeneous Recurrence Relations.;1615;https://eprint.iacr.org/2020/1615;db/journals/iacr/iacr2020.html#YuanXX20;2020;2020;120414630
8481239;Trees with the same degree sequence and path numbers.;297-300;https://doi.org/10.1016/0012-365X(94)00278-Q;db/journals/dm/dm147.html#GordonM95;147;1995;120415690
7483276;Short links and tiny keyboards: A systematic exploration of design trade-offs in link shortening services.;38-53;https://doi.org/10.1016/j.ijhcs.2016.07.009;db/journals/ijmms/ijmms96.html#GouldCBW16;96;2016;120407860
6330723;Risk prioritization in failure mode and effects analysis under uncertainty.;206-214;https://doi.org/10.1016/j.eswa.2010.06.046;db/journals/eswa/eswa38.html#ZhangC11;38;2011;120402750
6426475;How To Make Intuitive Testing More Systematic.;87-89;http://doi.ieeecomputersociety.org/10.1109/52.406764|https://doi.org/10.1109/52.406764;db/journals/software/software12.html#CornelissenKMW95;12;1995;120403520
7365357;Combined influence of velocity slip, temperature and concentration jump conditions on MHD peristaltic transport of a Carreau fluid in a non-uniform channel.;656-676;https://doi.org/10.1016/j.amc.2013.10.014;db/journals/amc/amc225.html#VajraveluSS13;225;2013;120407200
6334212;Optical flow profiling method for visualization and evaluation of flow disturbances in agricultural pneumatic conveyance systems.;159-166;https://doi.org/10.1016/j.compag.2015.08.029;db/journals/cea/cea118.html#KeepN15;118;2015;120402760
7820562;Immersive visualisation of 3-dimensional spiking neural networks.;193-201;https://doi.org/10.1007/s12530-016-9170-8;db/journals/evs/evs8.html#Marks17;8;2017;120410840
7629849;Estimating High-Resolution Atmospheric Phase Screens From Radar Interferometry Data.;3117-3128;https://doi.org/10.1109/TGRS.2011.2122338;db/journals/tgrs/tgrs49.html#YangB11;49;2011;120409110
6511699;Decline in Phytoplankton Biomass along Indian Coastal Waters due to COVID-19 Lockdown.;2584;https://doi.org/10.3390/rs12162584;db/journals/remotesensing/remotesensing12.html#MishraKMERAS20;12;2020;120403920
8868258;A new greedy randomised adaptive search procedure for multiple sequence alignment.;323-335;https://doi.org/10.1504/IJBRA.2013.054695|https://www.wikidata.org/entity/Q50881342;db/journals/ijbra/ijbra9.html#LayebSE13;9;2013;120419330
6568063;Performance of Coherent Receivers for PCTH-Based UWB System with Diversiform Modulation Schemes.;2489-2496;https://doi.org/10.1093/ietfec/e91-a.9.2489;db/journals/ieicet/ieicet91a.html#GongHHJ08;91-A;2008;120402000
6402368;Predicting creative performance from general causality orientations.;167-179;https://doi.org/10.1504/IJISCM.2014.069408;db/journals/ijiscm/ijiscm7.html#YeZH14;7;2014;120403360
8570577;Recent approaches to global optimization problems through Particle Swarm Optimization.;235-306;https://doi.org/10.1023/A:1016568309421|https://www.wikidata.org/entity/Q56430647;db/journals/nc/nc1.html#ParsopoulosV02;1;2002;120416370
8739273;An efficient distributed key management scheme for group-signature based anonymous authentication in VANET.;79-86;https://doi.org/10.1002/sec.302;db/journals/scn/scn5.html#SunFHS12;5;2012;120417920
6422284;Computing Gröbner bases associated with lattices.;851-860;http://aimsciences.org/journals/displayArticlesnew.jsp?paperID=13243;db/journals/amco/amco10.html#Alvarez-Barrientos16;10;2016;120403490
7494281;Symbolic Gray Code as a Multikey Hashing Function.;83-90;http://doi.ieeecomputersociety.org/10.1109/TPAMI.1980.4766976|https://doi.org/10.1109/TPAMI.1980.4766976|https://www.wikidata.org/entity/Q48666016;db/journals/pami/pami2.html#DuL80;2;1980;120408040
8105500;Recognition of college students from Weibo with deep neural networks.;1447-1455;https://doi.org/10.1007/s13042-016-0515-1;db/journals/mlc/mlc8.html#YuYTYLZW17;8;2017;120413400
8636016;Program Verification Through Soft Typing.;349-351;https://doi.org/10.1145/234528.234747;db/journals/csur/csur28.html#CartwrightF96;28;1996;120416920
8727457;High-Performance FV Somewhat Homomorphic Encryption on GPUs: An Implementation using CUDA.;70-95;https://doi.org/10.13154/tches.v2018.i2.70-95;db/journals/tches/tches2018.html#BadawiVMA18;2018;2018;120417870
8601339;Fork Algebraic Datatypes.;531-543;https://doi.org/10.1093/jigpal/6.4.531;db/journals/igpl/igpl6.html#LopezB98;6;1998;120416640
7465523;A gene-level hybrid search framework for multiobjective evolutionary optimization.;759-773;https://doi.org/10.1007/s00521-018-3563-5;db/journals/nca/nca30.html#ZhuLC18;30;2018;120407660
7341113;A Consistent Foundation for Isabelle/HOL.;531-555;https://doi.org/10.1007/s10817-018-9454-8;db/journals/jar/jar62.html#KuncarP19a;62;2019;120407150
7923870;A new system for 3D ultrasound-guided placement of cerebral ventricle catheters.;151-157;https://doi.org/10.1007/s11548-011-0622-0|https://www.wikidata.org/entity/Q59654380;db/journals/cars/cars7.html#ReinertsenJFLSSU12;7;2012;120412000
8041995;A novel high capacity reversible data hiding scheme based on pixel intensity segmentation.;979-996;https://doi.org/10.1007/s11042-015-3069-4;db/journals/mta/mta76.html#KumarC17;76;2017;120412870
7433646;A Joint Constraint Incentive Mechanism Algorithm Utilizing Coverage and Reputation for Mobile Crowdsensing.;4478;https://doi.org/10.3390/s20164478|https://www.wikidata.org/entity/Q98470723;db/journals/sensors/sensors20.html#ZhangYFYR20;20;2020;120407440
7917230;An inductorless high linear UWB Cascode LNA with tunable active resistance feedback and post-linearization technique.;315-320;https://doi.org/10.1016/j.mejo.2013.01.002;db/journals/mj/mj44.html#DingZJXZFJ13;44;2013;120411940
6329121;A novel fault diagnosis method of bearing based on improved fuzzy ARTMAP and modified distance discriminant technique.;11801-11807;https://doi.org/10.1016/j.eswa.2009.04.021;db/journals/eswa/eswa36.html#XuXSWH09a;36;2009;120402750
8481858;Some undecidable problems involving the edge-coloring and vertex-coloring of graphs.;171-177;https://doi.org/10.1016/0012-365X(84)90046-3;db/journals/dm/dm50.html#Burr84;50;1984;120415690
8607394;AMPL: a modified programming language.;17-20;https://doi.org/10.1145/379866.379881;db/journals/sigapl/sigapl15.html#Masterson84;15;1984;120416770
8136790;IoT-Based Electric Vehicle State Estimation and Control Algorithms Under Cyber Attacks.;874-881;https://doi.org/10.1109/JIOT.2019.2946093;db/journals/iotj/iotj7.html#Rana20;7;2020;120413640
7754480;Stability Theorems for Graph Vulnerability Parameters.;221-239;https://doi.org/10.1007/s00373-020-02239-9;db/journals/gc/gc37.html#Yatauro21;37;2021;120410510
8358701;Intelligent Coordinating Control Between Burn-Through Point and Mixture Bunker Level in an Iron Ore Sintering Process.;139-147;https://doi.org/10.20965/jaciii.2017.p0139|https://www.wikidata.org/entity/Q59890864;db/journals/jaciii/jaciii21.html#DuWCLC17;21;2017;120415180
7859687;Realistic Input Models for Geometric Algorithms.;81-97;https://doi.org/10.1007/s00453-002-0961-x;db/journals/algorithmica/algorithmica34.html#BergSVK02;34;2002;120411130
6474993;Performance analysis of an adaptive algorithm for tracking dominant subspaces.;3045-3057;https://doi.org/10.1109/78.726817;db/journals/tsp/tsp46.html#DelmasC98;46;1998;120403660
8766819;The static stability of support factor-based rectangular packings: an assessment by regression analysis.;574-599;https://doi.org/10.1111/itor.12750;db/journals/itor/itor29.html#JunqueiraQ22;29.0;2022;120418170
8234348;On the convergence of some methods for determining zeros of order-convex operators.;45-56;https://doi.org/10.1007/BF02243422;db/journals/computing/computing26.html#Wolfe81;26;1981;120414220
7312292;Modified Biogeography-Based Optimization with Local Search Mechanism.;960524:1-960524:24;https://doi.org/10.1155/2013/960524|https://www.wikidata.org/entity/Q59007168;db/journals/jam/jam2013.html#FengLWTZC13;2013;2013;120406820
8318786;"Foreword to the Special Issue on ""Human Settlements: A Global Remote Sensing Challenge"".";5-7;https://doi.org/10.1109/JSTARS.2011.2106332|https://www.wikidata.org/entity/Q62017830;db/journals/staeors/staeors4.html#GambaDJM11;4;2011;120414790
7814031;Digital Watermarking - Introduction.;30-33;https://doi.org/10.1145/278476.278484;db/journals/cacm/cacm41.html#Yeung98;41;1998;120410830
6739774;A geographical information system for some Mediterranean benthic communities.;79-86;https://doi.org/10.1080/02693799008941530|https://www.wikidata.org/entity/Q57694688;db/journals/gis/gis4.html#MeailleW90;4;1990;120405710
7347922;Mackey-Glass model of hematopoiesis with non-monotone feedback: Stability, oscillation and control.;6268-6283;https://doi.org/10.1016/j.amc.2012.12.043;db/journals/amc/amc219.html#BerezanskyBI13a;219;2013;120407200
8091971;What Is the Best Way For Developers to Learn New Software Tools? An Empirical Comparison Between a Text and a Video Tutorial.;17;https://doi.org/10.22152/programming-journal.org/2017/1/17;db/journals/programming/programming1.html#KaferK017;1;2017;120413250
8545678;Group Profiling for Understanding Social Structures.;15:1-15:25;https://doi.org/10.1145/2036264.2036279;db/journals/tist/tist3.html#TangWL11;3;2011;120415990
8625474;A Novel Method of Glottal Inverse Filtering.;1230-1241;https://doi.org/10.1109/TASLP.2016.2551864;db/journals/taslp/taslp24.html#SahooR16;24;2016;120416870
6438895;A Grötzsch-Type Theorem For List Colourings With Impropriety One.;493-507;http://journals.cambridge.org/action/displayAbstract?aid=46733;db/journals/cpc/cpc8.html#Skrekovski99;8;1999;120403550
7868275;An Adaptive Feature-fusion Method for Object Matching over Non-overlapped Scenes.;77-89;https://doi.org/10.1007/s11265-013-0806-7;db/journals/vlsisp/vlsisp76.html#LiuLZL14;76;2014;120411280
