:ID;journal:string
12040115;World Wide Web
12040116;SIGMOD Rec.
12040117;SIGMOD Record
12040118;EAI Endorsed Trans. Ubiquitous Environ.
12040119;Int. J. Trust. Manag. Comput. Commun.
12040120;Expert Syst. Appl. X
12040121;Bull. dInformatique Approfondie et Appl.
12040122;Trans. Large Scale Data Knowl. Centered Syst.
12040123;Stud. Inform. Univ.
12040124;IEEE Intell. Transp. Syst. Mag.
12040125;Control. Cybern.
12040126;Syst. Control. Lett.
12040127;Sci. Comput. Program.
12040128;Found. Comput. Math.
12040129;Theor. Comput. Sci.
12040130;Electron. Notes Theor. Comput. Sci.
12040131;Inf. Technol. Dev.
12040132;EURASIP J. Adv. Signal Process.
12040133;IEEE Embed. Syst. Lett.
12040134;J. Assoc. Inf. Syst.
12040135;EAI Endorsed Trans. Ind. Networks Intell. Syst.
12040136;EAI Endorsed Trans. Cogn. Commun.
12040137;Int. J. Prod. Res.
12040138;Sci. Program.
12040139;Data Base
12040140;J. Lang. Model.
12040141;IET Comput. Digit. Tech.
12040142;Int. J. Syst. Sci.
12040143;WIREs Data Mining Knowl. Discov.
12040144;ACM SIGOPS Oper. Syst. Rev.
12040145;Comput. Support. Cooperative Work.
12040146;IEEE Trans. Instrum. Meas.
12040147;J. Artif. Intell. Res.
12040148;ACM Trans. Knowl. Discov. Data
12040149;Int. J. Soc. Netw. Min.
12040150;J. Netw. Intell.
12040151;Rundbr. GI Fachgr. 5 10 Informationssystem Archit.
12040152;J. Electron. Commer. Organ.
12040153;J. Commun. Inf. Networks
12040154;Int. J. Comput. Math. Learn.
12040155;Technol. Knowl. Learn.
12040156;J. Digit. Inf.
12040157;Perform. Evaluation
12040158;IEEE Trans. Intell. Veh.
12040159;IEEE Trans Autom. Sci. Eng.
12040160;Int. J. Comput. Linguistics Appl.
12040161;J. Web Eng.
12040162;J. Braz. Comput. Soc.
12040163;Math. Comput. For. Nat. Resour. Sci.
12040164;SIGART Newsl.
12040165;Intell.
12040166;SIGART Bull.
12040167;Int. J. Green Comput.
12040168;ACM Trans. Soc. Comput.
12040169;Data
12040170;IEEE Trans. Signal Inf. Process. over Networks
12040171;Inf. Polity
12040172;Int. J. Fuzzy Syst. Appl.
12040173;Adv. Hum. Comput. Interact.
12040174;Commun. Stat. Simul. Comput.
12040175;J. Comput. Inf. Technol.
12040176;Frontiers Neuroinformatics
12040177;Z. für Medienpsychologie
12040178;J. Media Psychol. Theor. Methods Appl.
12040179;Int. J. Metaheuristics
12040180;SIGCAS Comput. Soc.
12040181;Quant. Sci. Stud.
12040182;Photonic Netw. Commun.
12040183;Int. J. Adv. Intell. Paradigms
12040184;Eur. J. Control
12040185;Int. J. Artif. Intell. Educ.
12040186;Stat. Anal. Data Min.
12040187;ACM Trans. Auton. Adapt. Syst.
12040188;Atl. Mon.
12040189;Comput. Syst. Sci. Eng.
12040190;Netw. Model. Anal. Health Informatics Bioinform.
12040191;Adv. Appl. Math.
12040192;Int. J. Comput. Assist. Lang. Learn. Teach.
12040193;Electron. Commer. Res. Appl.
12040194;Int. J. Uncertain. Fuzziness Knowl. Based Syst.
12040195;Int. J. Comput. Model. Algorithms Medicine
12040196;Cryptogr. Commun.
12040197;Int. J. Cooperative Inf. Syst.
12040198;Artif. Intell. Rev.
12040199;J. Sens. Technol.
12040200;IEICE Trans. Fundam. Electron. Commun. Comput. Sci.
12040201;Informationstechnik Tech. Inform.
12040202;it Inf. Technol.
12040203;Elektron. Rechenanlagen
12040204;iJET
12040205;Int. J. Comput. Their Appl.
12040206;Int. J. Comput. Heal.
12040207;Commun. Inf. Syst.
12040208;Int. J. E Bus. Res.
12040209;Informing Sci. Int. J. an Emerg. Transdiscipl.
12040210;Int. J. Humanit. Arts Comput.
12040211;Int. J. E Health Medical Commun.
12040212;Int. J. Math. Oper. Res.
12040213;Int. J. Digit. Crime Forensics
12040214;Trans. Inst. Meas. Control
12040215;AI Open
12040216;Dyn. Games Appl.
12040217;Int. J. Biom.
12040218;Technol. Anal. Strateg. Manag.
12040219;J. Commun.
12040220;Prog. Artif. Intell.
12040221;Image Vis. Comput.
12040222;Comput. Environ. Urban Syst.
12040223;J. Inf. Technol. Manag.
12040224;J. Graph Theory
12040225;J. Artif. Soc. Soc. Simul.
12040226;Genet. Program. Evolvable Mach.
12040227;IEEE Trans. Parallel Distributed Syst.
12040228;IEEE Trans. Circuits Syst. Video Technol.
12040229;Robotics Auton. Syst.
12040230;Robotics
12040231;Arch. Mus. Informatics
12040232;Biomed. Signal Process. Control.
12040233;Database J. Biol. Databases Curation
12040234;Found. Trends Stoch. Syst.
12040235;Found. Trends Electron. Des. Autom.
12040236;AKCE Int. J. Graphs Comb.
12040237;J. Inf. Process. Cybern.
12040238;Schedae Informaticae
12040239;J. Inf. Commun. Ethics Soc.
12040240;IEEE Trans. Cogn. Dev. Syst.
12040241;IEEE Trans. Auton. Ment. Dev.
12040242;J. Comput. Mediat. Commun.
12040243;Math. Found. Comput.
12040244;Int. J. Monit. Surveillance Technol. Res.
12040245;Comput. Electr. Eng.
12040246;Hum. Comput. Interact.
12040247;Int. J. Parallel Program.
12040248;EAI Endorsed Trans. e Bus.
12040249;Int. J. Comput. Intell. Appl.
12040250;Int. J. Web Based Communities
12040251;ICT Express
12040252;IEEE Trans. Ind. Informatics
12040253;Decis. Anal.
12040254;Aust. Comput. J.
12040255;J. Res. Pract. Inf. Technol.
12040256;Mechatron. Syst. Control.
12040257;Control. Intell. Syst.
12040258;Top. Cogn. Sci.
12040259;Appl. Soft Comput.
12040260;J. Inf. Data Manag.
12040261;Rev. Symb. Log.
12040262;IEEE Cloud Comput.
12040263;Quantum Eng.
12040264;ISPRS Int. J. Geo Inf.
12040265;Neuromorph. Comput. Eng.
12040266;Int. J. Metadata Semant. Ontologies
12040267;J. Inform. and Commun. Convergence Engineering
12040268;J. Object Technol.
12040269;EAI Endorsed Trans. e Learn.
12040270;IEEE Trans. Affect. Comput.
12040271;Found. Trends Robotics
12040272;Kybernetika
12040273;Int. J. Serious Games
12040274;IBM Syst. J.
12040275;Expert Syst. Appl.
12040276;Comput. Electron. Agric.
12040277;Trans. Comput. Sci.
12040278;Nat.
12040279;Int. J. Synth. Emot.
12040280;Scholarpedia
12040281;Found. Trends Comput. Graph. Vis.
12040282;Int. J. Secur. Softw. Eng.
12040283;J. Percept. Imaging
12040284;Autom. Remote. Control.
12040285;Int. J. Signs Semiot. Syst.
12040286;Int. J. Virtual Communities Soc. Netw.
12040287;Proces. del Leng. Natural
12040288;Computación y Sistemas
12040289;ISC Int. J. Inf. Secur.
12040290;IEEE Trans. Biomed. Eng.
12040291;Int. J. Bus. Intell. Res.
12040292;Int. J. Knowl. Web Intell.
12040293;Autom. Control. Comput. Sci.
12040294;Math. Log. Q.
12040295;Multidimens. Syst. Signal Process.
12040296;J. Econ. Theory
12040297;Int. J. Cloud Appl. Comput.
12040298;Trans. Rough Sets
12040299;Cyberpsychology Behav. Soc. Netw.
12040300;Auton. Robots
12040301;J. Robotics Mechatronics
12040302;Int. J. Commun. Syst.
12040303;Learn. Publ.
12040304;Int. J. Inf. Qual.
12040305;Math. Comput.
12040306;RITA
12040307;Int. J. Cyber Ethics Educ.
12040308;J. Grid Comput.
12040309;Asia Pac. J. Oper. Res.
12040310;J. Syst. Integr.
12040311;Int. J. ICT Res. Afr. Middle East
12040312;J. Oper. Res. Soc.
12040313;Complex.
12040314;ACM Trans. Comput. Theory
12040315;J. Integr. Des. Process. Sci.
12040316;Trans. SDPS
12040317;Probl. Inf. Transm.
12040318;Inf. Organ.
12040319;IGTR
12040320;J. Softw. Eng. Appl.
12040321;J. Cybersecur.
12040322;Math. Comput. Simul.
12040323;Dagstuhl Manifestos
12040324;J. Internet Serv. Inf. Secur.
12040325;Reports Math. Log.
12040326;J. Organ. End User Comput.
12040327;Acta Numer.
12040328;Int. J. Inf. Technol. Proj. Manag.
12040329;IEEE Trans. Circuits Syst. II Express Briefs
12040330;IEEE Trans. Circuits Syst. I Regul. Pap.
12040331;IEEE Trans. Circuits Syst.
12040332;IEEE Trans. Circuits Syst. I Fundam. Theory Appl.
12040333;IEEE Trans. on Circuits and Systems
12040334;High. Order Symb. Comput.
12040335;LISP Symb. Comput.
12040336;Int. J. Inf. Syst. Chang. Manag.
12040337;Inf. Res.
12040338;Quant. Biol.
12040339;Int. J. Electron. Heal.
12040340;Wirel. Pers. Commun.
12040341;J. Sci. Res.
12040342;Int. J. Inf. Syst. Model. Des.
12040343;ACM Journal on Computing and Cultural Heritage
12040344;Künstliche Intell.
12040345;IEEE Commun. Surv. Tutorials
12040346;Hum. centric Comput. Inf. Sci.
12040347;IEEE Ann. Hist. Comput.
12040348;J. Syst. Inf. Technol.
12040349;Adv. Math. Commun.
12040350;Int. J. Appl. Cryptogr.
12040351;J. Ambient Intell. Humaniz. Comput.
12040352;IEEE Softw.
12040353;IEEE Trans. Wirel. Commun.
12040354;Electron. Netw. Res. Appl. Policy
12040355;Comb. Probab. Comput.
12040356;Int. J. Internet Enterp. Manag.
12040357;Math. Syst. Theory
12040358;Theory Comput. Syst.
12040359;IMA J. Math. Control. Inf.
12040360;Int. J. Nat. Comput. Res.
12040361;Comput. Law Secur. Rev.
12040362;Discret. Appl. Math.
12040363;Integr.
12040364;Organ. Sci.
12040365;Int. J. Pattern Recognit. Artif. Intell.
12040366;IEEE Trans. Signal Process.
12040367;IEEE Trans. Acoust. Speech Signal Process.
12040368;ACM Trans. Speech Lang. Process.
12040369;J. Comput. Phys. X
12040370;Appl. Clin. Inform.
12040371;Int. J. Interdiscip. Telecommun. Netw.
12040372;Ann. Softw. Eng.
12040373;Online Inf. Rev.
12040374;J. Comput. Sci. Technol.
12040375;ACM Trans. Model. Comput. Simul.
12040376;Trans. Int. Soc. Music. Inf. Retr.
12040377;Adv. Bioinformatics
12040378;Univers. Access Inf. Soc.
12040379;Comput. Educ. Artif. Intell.
12040380;Comput. Speech Lang.
12040381;Int. J. Manuf. Res.
12040382;Internet High. Educ.
12040383;J. Glob. Inf. Manag.
12040384;Autom.
12040385;IEEE Internet Comput.
12040386;Numer. Algorithms
12040387;Appl. Comput. Intell. Soft Comput.
12040388;Program. Comput. Softw.
12040389;Leibniz Trans. Embed. Syst.
12040390;Int. J. Electron. Commer.
12040391;J. Documentation
12040392;Remote. Sens.
12040393;D Lib Mag.
12040394;Comput. Meas. Group Trans.
12040395;Int. J. Technol. Educ. Mark.
12040396;J. Cyber Secur. Mobil.
12040397;Adv. Numer. Anal.
12040398;J. Syst. Sci. Complex.
12040399;J. Sensors
12040400;Comput. Stand. Interfaces
12040401;e Minds Int. J. Hum. Comput. Interact.
12040402;SIGMETRICS Perform. Evaluation Rev.
12040403;Int. J. Knowl. Manag.
12040404;J. Soc. Struct.
12040405;SIAM J. Matrix Anal. Appl.
12040406;SIAM J. Algebraic Discret. Methods
12040407;Complex Adapt. Syst. Model.
12040408;Log. Methods Comput. Sci.
12040409;ACM Trans. Reconfigurable Technol. Syst.
12040410;Int. J. Rough Sets Data Anal.
12040411;Int. J. Intell. Def. Support Syst.
12040412;Grammars
12040413;Int. J. Commun. Networks Distributed Syst.
12040414;EAI Endorsed Trans. Energy Web
12040415;Pattern Recognit. Lett.
12040416;Int. J. Inf. Manag.
12040417;Frontiers Bioinform.
12040418;Real Time Syst.
12040419;Minds Mach.
12040420;Ann. Math. Artif. Intell.
12040421;IEICE Trans. Commun.
12040422;IEICE Trans. Inf. Syst.
12040423;IEICE Trans. Electron.
12040424;Int. J. Unconv. Comput.
12040425;Netw. Commun. Technol.
12040426;Libr. Hi Tech
12040427;Rev. Int. Géomatique
12040428;Numerische Mathematik
12040429;Nucleic Acids Res.
12040430;Int. J. Data Warehous. Min.
12040431;Comput. Medical Imaging Graph.
12040432;Comput. Intell.
12040433;Sci. Eng. Ethics
12040434;IEEE ACM Trans. Comput. Biol. Bioinform.
12040435;Inf. Technol. Control.
12040436;Frontiers Comput. Sci. China
12040437;Frontiers Comput. Sci.
12040438;Formaliz. Math.
12040439;Multim. Syst.
12040440;J. Discrete Algorithms
12040441;J. Telecommun. High Technol. Law
12040442;Int. J. Agric. Environ. Inf. Syst.
12040443;J. Mobile Multimedia
12040444;Comput. Syst.
12040445;Int. J. Dependable Trust. Inf. Syst.
12040446;J. Cell. Autom.
12040447;LNCS Trans. Aspect Oriented Softw. Dev.
12040448;LNCS Trans. Modul. Compos.
12040449;J. Data Inf. Sci.
12040450;Trans. Data Sci.
12040451;J. Control. Sci. Eng.
12040452;Comput. Appl. Eng. Educ.
12040453;Constraints An Int. J.
12040454;Trans. Mass Data Anal. Images Signals
12040455;Acta Cybern.
12040456;Interact. Technol. Smart Educ.
12040457;Comput. Geom.
12040458;Informatica
12040459;IFAC J. Syst. Control.
12040460;J. Log. Algebraic Methods Program.
12040461;IEEE Instrum. Meas. Mag.
12040462;IEEE Trans. Inf. Technol. Biomed.
12040463;IEEE J. Biomed. Health Informatics
12040464;J. Biomed. Informatics
12040465;Comput. Biomed. Res.
12040466;Appl. Netw. Sci.
12040467;Autom. Softw. Eng.
12040468;Int. J. Crit. Comput. Based Syst.
12040469;Neue Einsichten eines Informatikers von geringem Verstande
12040470;Int. J. Creative Comput.
12040471;Int. J. Virtual Real.
12040472;Medical Image Anal.
12040473;Comput.
12040474;J. Comb. Theory, Ser. B
12040475;Simul. Notes Eur.
12040476;IET Networks
12040477;New Gener. Comput.
12040478;Int. J. Inf. Commun. Technol.
12040479;IEEE Trans. Fuzzy Syst.
12040480;Phys. Commun.
12040481;Micromachines
12040482;IEEE Des. Test Comput.
12040483;IEEE Des. Test
12040484;J. Wirel. Mob. Networks Ubiquitous Comput. Dependable Appl.
12040485;Digit. Signal Process.
12040486;Appl. Intell.
12040487;J. Graph Algorithms Appl.
12040488;IET Inf. Secur.
12040489;J. Rail Transp. Plan. Manag.
12040490;Algorithmic Finance
12040491;IEEE Trans. Software Eng.
12040492;Appl. Ontology
12040493;J. Log. Program.
12040494;Dagstuhl Reports
12040495;Int. J. Hum. Cap. Inf. Technol. Prof.
12040496;Int. J. High Perform. Comput. Appl.
12040497;IEEE Distributed Syst. Online
12040498;Open J. Semantic Web
12040499;Int. J. Inf. Syst. Soc. Chang.
12040500;Int. J. Data Min. Bioinform.
12040501;Int. J. Model. Identif. Control.
12040502;Int. J. Chemoinformatics Chem. Eng.
12040503;J. Bank. Financial Technol.
12040504;OMICS
12040505;J. Spatial Inf. Sci.
12040506;IEEE Trans. Big Data
12040507;Adapt. Behav.
12040508;Eur. J. Oper. Res.
12040509;Eng. Appl. Artif. Intell.
12040510;Int. J. Big Data Intell.
12040511;Health Informatics J.
12040512;Synth.
12040513;Int. J. Intell. Syst.
12040514;Int. J. Syst. Serv. Oriented Eng.
12040515;Trans. Digit. Games Res. Assoc.
12040516;J. Inf. Technol. Theory Appl.
12040517;Internet Policy Rev.
12040518;J. Comput. Networks Commun.
12040519;Hist. Comput.
12040520;Technometrics
12040521;Entropy
12040522;Int. J. Crit. Infrastructures
12040523;Int. J. Control
12040524;Inf. Secur. J. A Glob. Perspect.
12040525;Oper. Res.
12040526;ACM Trans. Economics and Comput.
12040527;IxD&A
12040528;INFORMS Trans. Educ.
12040529;Int. J. Inf. Commun. Technol. Educ.
12040530;J. Comput. Geom.
12040531;Int. J. Inf. Priv. Secur. Integr.
12040532;Int. J. Inf. Syst. Serv. Sect.
12040533;J. Log. Lang. Inf.
12040534;Int. J. Secur. Priv. Pervasive Comput.
12040535;Int. J. Multim. Inf. Retr.
12040536;J. Inf. Syst. Educ.
12040537;Int. J. 3 D Inf. Model.
12040538;IEEE Trans. Neural Networks
12040539;IEEE Trans. Neural Networks Learn. Syst.
12040540;Monte Carlo Methods Appl.
12040541;Int. J. Intell. Inf. Process.
12040542;Int. J. Cyber Phys. Syst.
12040543;Res. Comput. Sci.
12040544;Comput. Vis. Sci.
12040545;Int. J. High Perform. Syst. Archit.
12040546;ACM Trans. Comput. Hum. Interact.
12040547;Adv. Data Anal. Classif.
12040548;J. Simulation
12040549;Inf. Technol. People
12040550;Int. J. Autom. Comput.
12040551;ACM Trans. Comput. Heal.
12040552;Int. J. Artif. Intell. Mach. Learn.
12040553;EAI Endorsed Trans. Scalable Inf. Syst.
12040554;Signal Process.
12040555;Annu. Rev. Control.
12040556;Int. J. Model. Simul. Sci. Comput.
12040557;J. Medical Robotics Res.
12040558;Proc. Priv. Enhancing Technol.
12040559;Roars Trans.
12040560;IEEE Trans. Aerosp. Electron. Syst.
12040561;Eur. J. Law Technol.
12040562;Int. J. Comput. Sci. Math.
12040563;Comput. Sci. Eng.
12040564;Inf.
12040565;Proc. ACM Hum. Comput. Interact.
12040566;J. Decis. Syst.
12040567;SIAM J. Discret. Math.
12040568;Comput. Oper. Res.
12040569;Adv. Eng. Informatics
12040570;Artif. Intell. Eng.
12040571;Int. J. Geogr. Inf. Sci.
12040572;R J.
12040573;Rev. d'Intelligence Artif.
12040574;ACM Commun. Comput. Algebra
12040575;SIGSAM Bull.
12040576;J. Cases Inf. Technol.
12040577;J. Math. Log.
12040578;J. Program. Lang.
12040579;Int. J. Digit. Multim. Broadcast.
12040580;J. Geogr. Syst.
12040581;Inf. Sci.
12040582;RAIRO Oper. Res.
12040583;J. Symb. Log.
12040584;CLEI Electron. J.
12040585;Random Struct. Algorithms
12040586;IEEE Trans. Educ.
12040587;Comput. Math. Appl.
12040588;Int. J. Comput. Sci. Sport
12040589;Electron. Trans. Artif. Intell.
12040590;Wirel. Networks
12040591;IET Softw.
12040592;IEE Proc. Softw.
12040593;Softw. Eng. J.
12040594;IEE Proc. Softw. Eng.
12040595;J. Data Semant.
12040596;IEEE Data Eng. Bull.
12040597;IEEE Database Eng. Bull.
12040598;J. Enterp. Inf. Manag.
12040599;J. Funct. Program.
12040600;Reliab. Eng. Syst. Saf.
12040601;OR Insight
12040602;Int. J. Data Anal. Tech. Strateg.
12040603;Int. J. Netw. Secur.
12040604;Cartogr. Int. J. Geogr. Inf. Geovisualization
12040605;Int. J. Comput. Vis.
12040606;Comput. Vis. Media
12040607;Microprocess. Microsystems
12040608;Microprocess.
12040609;J. Comput. Methods Sci. Eng.
12040610;Complex Syst. Informatics Model. Q.
12040611;Eng. Comput.
12040612;Australas. J Comb.
12040613;New Rev. Hypermedia Multim.
12040614;Int. J. Appl. Metaheuristic Comput.
12040615;ACM SIGPLAN Notices
12040616;IEEE Commun. Stand. Mag.
12040617;Inf. Softw. Technol.
12040618;Information & Software Technology
12040619;CoRR
12040620;arXiv
12040621;Int. J. Interact. Mob. Technol.
12040622;EAI Endorsed Trans. Creative Technol.
12040623;Frontiers Big Data
12040624;SIGIR Forum
12040625;RFC
12040626;Displays
12040627;IEEE Trans. Broadcast.
12040628;Int. J. Concept. Struct. Smart Appl.
12040629;计算机科学
12040630;Evol. Intell.
12040631;Adv. Artif. Neural Syst.
12040632;Comput. Inf. Sci.
12040633;Trans. Pattern Lang. Program.
12040634;EAI Endorsed Trans. Ambient Syst.
12040635;Int. J. Embed. Real Time Commun. Syst.
12040636;ACM SIGCSE Bull.
12040637;IEEE Trans. Image Process.
12040638;Eur. Trans. Telecommun.
12040639;Trans. Emerg. Telecommun. Technol.
12040640;IEEE Trans. Syst. Sci. Cybern.
12040641;J. Hardw. Syst. Secur.
12040642;IEEE Trans. Control. Syst. Technol.
12040643;Comput. Aided Civ. Infrastructure Eng.
12040644;Proc. ACM Interact. Mob. Wearable Ubiquitous Technol.
12040645;Stat. Methods Appl.
12040646;LOPLAS
12040647;EURASIP J. Audio Speech Music. Process.
12040648;Int. J. e Collab.
12040649;Comput. Educ.
12040650;J. Chem. Inf. Model.
12040651;J. Chem. Inf. Comput. Sci.
12040652;Int. J. Space Based Situated Comput.
12040653;IEEE Internet Things Mag.
12040654;Int. J. People Oriented Program.
12040655;Axioms
12040656;IEEE Wirel. Commun.
12040657;Ubiquity
12040658;Open J. Cloud Comput.
12040659;Inf. Syst. Manag.
12040660;J. Comput. Neurosci.
12040661;Int. J. Sociotechnology Knowl. Dev.
12040662;J. Formaliz. Reason.
12040663;Int. J. Cyber Situational Aware.
12040664;J. Inf. Sci.
12040665;Int. J. Serv. Technol. Manag.
12040666;Sci. Robotics
12040667;Comput. Math. Methods Medicine
12040668;SIAM J. Control. Optim.
12040669;Comput. Networks
12040670;Comput. Networks ISDN Syst.
12040671;IEEE Trans. Medical Imaging
12040672;Int. J. Inf. Technol. Commun. Convergence
12040673;Array
12040674;Int. J. Electron. Bus.
12040675;Int. J. Oper. Res. Inf. Syst.
12040676;Int. J. Adv. Comp. Techn.
12040677;Proc. ACM Meas. Anal. Comput. Syst.
12040678;Kognitionswissenschaft
12040679;Int. J. Softw. Tools Technol. Transf.
12040680;Comput. und Recht
12040681;Computer und Recht
12040682;J. Appl. Math.
12040683;IEEE Signal Process. Lett.
12040684;Adv. Oper. Res.
12040685;Internet Things
12040686;Big Data Cogn. Comput.
12040687;IEEE Technol. Soc. Mag.
12040688;Simul.
12040689;J. Netw. Syst. Manag.
12040690;Int. J. Imaging Syst. Technol.
12040691;Data Qual.
12040692;Int. J. Adv. Oper. Manag.
12040693;Intell. Decis. Technol.
12040694;J. Cryptogr. Eng.
12040695;EAI Endorsed Trans. Wirel. Spectr.
12040696;J. Digit. Forensics Secur. Law
12040697;Inf. Knowl. Syst. Manag.
12040698;Linguamática
12040699;Electron. Libr.
12040700;J. Inf. Syst.
12040701;Scalable Comput. Pract. Exp.
12040702;J. Inf. Technol. Educ.
12040703;J. Autom. Mob. Robotics Intell. Syst.
12040704;Online Soc. Networks Media
12040705;IEEE Robotics Autom. Mag.
12040706;Australas. J. Inf. Syst.
12040707;J. Game Dev.
12040708;Sci.
12040709;Appl. Comput. Syst.
12040710;Robotics Comput. Integr. Manuf.
12040711;Biosyst.
12040712;Int. J. Bus. Inf. Syst.
12040713;ACM Trans. Design Autom. Electr. Syst.
12040714;Formal Aspects Comput.
12040715;J. Autom. Reason.
12040716;SIGecom Exch.
12040717;Comput. Optim. Appl.
12040718;HMD Prax. Wirtsch.
12040719;Presence Teleoperators Virtual Environ.
12040720;Appl. Math. Comput.
12040721;Found. Trends Mach. Learn.
12040722;Knowl. Based Syst.
12040723;J. Vis. Lang. Comput.
12040724;J. Vis. Lang. Sentient Syst.
12040725;Int. Arab J. Inf. Technol.
12040726;Secur. Informatics
12040727;Found. Trends Microeconomics
12040728;Int. J. Intell. Games Simul.
12040729;Tech. Sci. Informatiques
12040730;Vis. Informatics
12040731;IEEE Open J. Comput. Soc.
12040732;Wirel. Eng. Technol.
12040733;Int. J. Digit. Earth
12040734;Parallel Process. Lett.
12040735;J. Commun. Networks
12040736;Trans. Comp. Sys. Biology
12040737;Ad Hoc Networks
12040738;J. Priv. Confidentiality
12040739;Comput. J.
12040740;IEEE Trans. Comput. Soc. Syst.
12040741;Int. J. Adv. Media Commun.
12040742;J. Frankl. Inst.
12040743;IEEE Trans. Netw. Serv. Manag.
12040744;Sensors
12040745;Syst. Eng.
12040746;Mech. Transl. Comput. Linguistics
12040747;Groups Complex. Cryptol.
12040748;Lang. Linguistics Compass
12040749;IEEE Trans. Emerg. Top. Comput.
12040750;Lang. Resour. Evaluation
12040751;Comput. Humanit.
12040752;Comput. Methods Appl. Math.
12040753;Nat. Lang. Eng.
12040754;Int. J. Intell. Transp. Syst. Res.
12040755;Int. J. Interact. Multim. Artif. Intell.
12040756;J. Instr. Level Parallelism
12040757;Comput. Aided Geom. Des.
12040758;IEEE J. Sel. Areas Commun.
12040759;Pervasive Mob. Comput.
12040760;Adv. Internet Things
12040761;Int. J. Circuit Theory Appl.
12040762;Proc. IEEE
12040763;FLAP
12040764;Int. J. Medical Informatics
12040765;Ind. Robot
12040766;Neural Comput. Appl.
12040767;Adv. Artif. Intell.
12040768;Inf. Process. Manag.
12040769;Inf. Storage Retr.
12040770;Algorithms Mol. Biol.
12040771;Res. Pract. Technol. Enhanc. Learn.
12040772;Int. J. Inf. Sec.
12040773;IET Signal Process.
12040774;Comput. Linguistics
12040775;Am. J. Comput. Linguistics
12040776;Int. J. Inf. Technol. Syst. Approach
12040777;J. Multivar. Anal.
12040778;Softw. Test. Verification Reliab.
12040779;Int. J. Online Mark.
12040780;Sci. Iran.
12040781;IEEE Trans. Comput. Intell. AI Games
12040782;IEEE Trans. Games
12040783;J. Signal Inf. Process.
12040784;J. Multim. Process. Technol.
12040785;J. Intell. Manuf.
12040786;Int. J. Hum. Comput. Stud.
12040787;Int. J. Man Mach. Stud.
12040788;Comput. Lang.
12040789;Comput. Lang. Syst. Struct.
12040790;Int. J. Mob. Blended Learn.
12040791;Int. J. Digit. EVid.
12040792;IEEE J. Sel. Areas Inf. Theory
12040793;IEEE J. Emerg. Sel. Topics Circuits Syst.
12040794;Distributed Parallel Databases
12040795;EURASIP J. Image Video Process.
12040796;J. Comput. Res. Dev.
12040797;J. Libr. Inf. Sci.
12040798;Inteligencia Artif.
12040799;Found. Trends Priv. Secur.
12040800;SIAM J. Appl. Algebra Geom.
12040801;Entertain. Comput.
12040802;J. Comput. Lang.
12040803;Int. J. Digit. Libr.
12040804;IEEE Trans. Pattern Anal. Mach. Intell.
12040805;Int. J. Syst. Syst. Eng.
12040806;Cybern. Syst.
12040807;Inf. Retr. J.
12040808;Inf. Retr.
12040809;Math. Comput. Model.
12040810;Bell Labs Tech. J.
12040811;SIAM J. Appl. Dyn. Syst.
12040812;Int. J. Bus. Process. Integr. Manag.
12040813;Int. J. Wavelets Multiresolution Inf. Process.
12040814;IEEE J. Solid State Circuits
12040815;CCF Trans. Pervasive Comput. Interact.
12040816;Queueing Syst. Theory Appl.
12040817;Bio Algorithms Med Syst.
12040818;Dialogue Discourse
12040819;Simul. Model. Pract. Theory
12040820;Simul. Pract. Theory
12040821;J. Softw. Evol. Process.
12040822;J. Softw. Maintenance Res. Pract.
12040823;Silico Biol.
12040824;Telecommun. Syst.
12040825;Int. J. Inf. Technol. Manag.
12040826;Expert Syst. J. Knowl. Eng.
12040827;Electron. Mark.
12040828;Tiny Trans. Comput. Sci.
12040829;KSII Trans. Internet Inf. Syst.
12040830;J. Log. Comput.
12040831;New Math. Nat. Comput.
12040832;Int. J. Appl. Logist.
12040833;Informatica (Slovenia)
12040834;Adv. Comput. Res.
12040835;Decis. Support Syst.
12040836;Int. J. Spatial Data Infrastructures Res.
12040837;Cogn. Sci.
12040838;Bell Syst. Tech. J.
12040839;AT&T Tech. J.
12040840;AT&T Bell Lab. Tech. J.
12040841;Frontiers Digit. Humanit.
12040842;J. Comb. Optim.
12040843;Int. J. Internet Protoc. Technol.
12040844;Comput. Graph. Forum
12040845;Manuf. Serv. Oper. Manag.
12040846;CCF Trans. High Perform. Comput.
12040847;J. Parallel Distributed Comput.
12040848;ACM Trans. Sens. Networks
12040849;ACM SIGMOD Digit. Rev.
12040850;Energy Inform.
12040851;Int. J. Distributed Sens. Networks
12040852;Algorithmic Oper. Res.
12040853;EAI Endorsed Trans. Pervasive Health Technol.
12040854;Int. J. Syst. Assur. Eng. Manag.
12040855;Int. J. Netw. Manag.
12040856;Int. J. Math. Math. Sci.
12040857;IEEE Comput. Intell. Mag.
12040858;Int. J. Appl. Evol. Comput.
12040859;Nat. Mach. Intell.
12040860;J. Reliab. Intell. Environ.
12040861;Digit. Scholarsh. Humanit.
12040862;Lit. Linguistic Comput.
12040863;Semantic Web
12040864;J. Inf. Secur. Appl.
12040865;Inf. Secur. Tech. Rep.
12040866;Int. J. Agent Oriented Softw. Eng.
12040867;Found. Trends Optim.
12040868;Comput. Stat.
12040869;Comput. Vis. Image Underst.
12040870;CVGIP Image Underst.
12040871;Big Data Min. Anal.
12040872;Real Time Imaging
12040873;Order
12040874;SIGKDD Explor.
12040875;MIS Q.
12040876;Int. J. E Adopt.
12040877;Microprocess. Microprogramming
12040878;J. Syst. Archit.
12040879;Int. J. Inf. Acquis.
12040880;SIGACT News
12040881;Int. J. Commun. Netw. Syst. Sci.
12040882;J. Comb. Theory, Ser. A
12040883;Int. J. Technol. Manag.
12040884;J. Virtual Real. Broadcast.
12040885;EAI Endorsed Trans. Context aware Syst. Appl.
12040886;Libr. Trends
12040887;IEEE Netw.
12040888;ACM Trans. Comput. Log.
12040889;EAI Endorsed Trans. Self Adapt. Syst.
12040890;Data Sci.
12040891;IT Prof.
12040892;J. Inf. Knowl. Manag.
12040893;J. Digit. Inf. Manag.
12040894;Int. J. Online Biomed. Eng.
12040895;Int. J. Online Eng.
12040896;Int. J. Inf. Decis. Sci.
12040897;Int. J. Web Portals
12040898;SIAM J. Optim.
12040899;J. Comput. Syst. Sci.
12040900;BioData Min.
12040901;Int. J. Data Sci. Anal.
12040902;IEEE Trans. Inf. Theory
12040903;IRE Trans. Inf. Theory
12040904;Trans. IRE Prof. Group Inf. Theory
12040905;Int. J. Bus. Intell. Data Min.
12040906;Artif. Intell. Medicine
12040907;Data Intell.
12040908;J. Comput. High. Educ.
12040909;Electron. J. Graph Theory Appl.
12040910;J. Next Gener. Inf. Technol.
12040911;IEEE Trans. Geosci. Remote. Sens.
12040912;Int. J. Recent Contributions Eng. Sci. IT
12040913;J. ACM
12040914;Integr. Comput. Aided Eng.
12040915;Microelectron. Reliab.
12040916;Spatial Cogn. Comput.
12040917;Syst.
12040918;Digit. Investig.
12040919;Cybersecur.
12040920;Softw. Syst. Model.
12040921;J. Electron. Publ.
12040922;IACR Trans. Symmetric Cryptol.
12040923;AStA Wirtschafts und Sozialstatistisches Arch.
12040924;IET Image Process.
12040925;Int. J. Netw. Comput.
12040926;Frontiers Virtual Real.
12040927;Int. J. Multim. Intell. Secur.
12040928;Int. J. Robotics Autom.
12040929;Int. J. Comput. Intell. Stud.
12040930;J. Philos. Log.
12040931;RAIRO Theor. Informatics Appl.
12040932;Digit. Tech. J.
12040933;IEEE Intell. Informatics Bull.
12040934;Egypt. Comput. Sci. J.
12040935;Int. J. Bus. Perform. Supply Chain Model.
12040936;J. Intell. Inf. Syst.
12040937;Softw. Focus
12040938;Frontiers Digit. Health
12040939;AI Mag.
12040940;Comput. Sci. J. Moldova
12040941;Int. J. Meas. Technol. Instrum. Eng.
12040942;Int. J. Satell. Commun. Netw.
12040943;J. Int. Comput. Games Assoc.
12040944;Data Min. Knowl. Discov.
12040945;Publ.
12040946;Int. J. Soc. Humanist. Comput.
12040947;J. Autom. Lang. Comb.
12040948;IEEE Open J. Circuits Syst.
12040949;J. Inf. Technol. Res.
12040950;SIAM J. Comput.
12040951;Int. J. Swarm Intell. Res.
12040952;Int. J. Game Theory
12040953;Informatics Educ.
12040954;Int. J. Handheld Comput. Res.
12040955;IJHCR
12040956;Medical Biol. Eng. Comput.
12040957;Document Numérique
12040958;J. ICT Stand.
12040959;Future Gener. Comput. Syst.
12040960;Int. J. Radio Freq. Identif. Technol. Appl.
12040961;Vis. Comput.
12040962;Int. J. Commun. Networks Inf. Secur.
12040963;Intell. Autom. Soft Comput.
12040964;J. Appl. Non Class. Logics
12040965;Markup Lang.
12040966;EAI Endorsed Trans. Serious Games
12040967;Math. Program.
12040968;J. Quantum Inf. Sci.
12040969;Trans. GIS
12040970;Trans. Comput. Collect. Intell.
12040971;Int. J. Appl. Decis. Sci.
12040972;Br. J. Educ. Technol.
12040973;Acta Informatica
12040974;Int. J. Knowl. Eng. Soft Data Paradigms
12040975;SIAM J. Math. Data Sci.
12040976;Int. J. Wirel. Inf. Networks
12040977;Soc. Networks
12040978;Int. J. Web Based Learn. Teach. Technol.
12040979;Fuzzy Optim. Decis. Mak.
12040980;Open Comput. Sci.
12040981;Central Eur. J. Comput. Sci.
12040982;IBM J. Res. Dev.
12040983;Int. J. Web Sci.
12040984;IEEE Geosci. Remote. Sens. Lett.
12040985;J. Multim.
12040986;Comput. Ind.
12040987;Adv. Model. Simul. Eng. Sci.
12040988;Int. J. Document Anal. Recognit.
12040989;Artif. Intell. Law
12040990;SIAM/ASA J. Uncertain. Quantification
12040991;IEEE Trans. Mol. Biol. Multi Scale Commun.
12040992;Eng. Lett.
12040993;Int. J. Knowl. Soc. Res.
12040994;Int. J. Smart Educ. Urban Soc.
12040995;ACM SIGCHI Bull.
12040996;EAI Endorsed Trans. Security Safety
12040997;Wirtschaftsinformatik Manag.
12040998;J. Inf. Telecommun.
12040999;J. WSCG
12041000;EMISA Forum
12041001;Int. J. E Entrepreneurship Innov.
12041002;Int. J. Ambient Comput. Intell.
12041003;J. Cheminformatics
12041004;J. Optim. Theory Appl.
12041005;J. Optimization Theory and Applications
12041006;Games
12041007;Int. J. Manuf. Technol. Manag.
12041008;Encycl. Semantic Comput. Robotic Intell.
12041009;J. Syst. Softw.
12041010;Comput. Sci.
12041011;Supercomput. Front. Innov.
12041012;J. Glob. Optim.
12041013;ACM Trans. Archit. Code Optim.
12041014;Quantum Mach. Intell.
12041015;ACM J. Educ. Resour. Comput.
12041016;ACM Trans. Comput. Educ.
12041017;J. Low Power Electron.
12041018;J. Semant.
12041019;Smart Learn. Environ.
12041020;Interact. Learn. Environ.
12041021;Int. J. Intell. Inf. Technol.
12041022;J. Appl. Probab.
12041023;SIGWEB Newsl.
12041024;Opt. Switch. Netw.
12041025;Grey Syst. Theory Appl.
12041026;Games Econ. Behav.
12041027;Behav. Inf. Technol.
12041028;IEEE Trans. Inf. Forensics Secur.
12041029;Int. J. Serv. Sci. Manag. Eng. Technol.
12041030;South Afr. Comput. J.
12041031;Vis. Comput. Ind. Biomed. Art
12041032;Int. J. Creative Interfaces Comput. Graph.
12041033;Frontiers Res. Metrics Anal.
12041034;Digit. Humanit. Q.
12041035;J. Log. Anal.
12041036;Log. Anal.
12041037;SIAM J. Imaging Sci.
12041038;AI Ethics
12041039;Int. J. Speech Technol.
12041040;Int. J. Digit. Libr. Syst.
12041041;Requir. Eng.
12041042;Internet Math.
12041043;IEEE Trans. Multim.
12041044;Int. J. Intell. Syst. Technol. Appl.
12041045;Softw. Qual. J.
12041046;Int. J. Open Source Softw. Process.
12041047;Int. J. Eng. Pedagog.
12041048;J. Multim. Inf. Syst.
12041049;Frontiers Comput. Neurosci.
12041050;J. Math. Cryptol.
12041051;Graphs Comb.
12041052;Inf. Technol. Manag.
12041053;J. Intell. Transp. Syst.
12041054;Found. Trends Commun. Inf. Theory
12041055;Inf. Comput.
12041056;Inf. Control.
12041057;Inf. Process. Lett.
12041058;Int. J. Inf. Technol. Decis. Mak.
12041059;Found. Trends Theor. Comput. Sci.
12041060;Trait. Autom. des Langues
12041061;NII Shonan Meet. Rep.
12041062;Wirel. Commun. Mob. Comput.
12041063;Ann. Oper. Res.
12041064;IEEE Trans. Artif. Intell.
12041065;Neural Networks
12041066;Bull. IEEE Tech. Comm. Digit. Libr.
12041067;IEEE Trans. Syst. Man Cybern. Syst.
12041068;IEEE Trans. Syst. Man Cybern. Part B
12041069;IEEE Trans. Syst. Man Cybern.
12041070;IEEE Trans. Syst. Man Cybern. Part A
12041071;IEEE Trans. Syst. Man Cybern. Part C
12041072;Manag. Sci.
12041073;Int. J. Artif. Intell. Soft Comput.
12041074;Int. J. Digit. Curation
12041075;J. Open Source Softw.
12041076;Int. J. Comput. Intell. Syst.
12041077;J. Math. Imaging Vis.
12041078;Hum. Factors
12041079;Intell. Inf. Manag.
12041080;Int. J. Autom. Control.
12041081;Bull. Symb. Log.
12041082;Int. J. Intell. Robotics Appl.
12041083;Commun. ACM
12041084;Evol. Syst.
12041085;Found. Trends Syst. Control.
12041086;Int. J. Comput. Syst. Signals
12041087;J. Vis. Commun. Image Represent.
12041088;IPSJ Trans. Syst. LSI Des. Methodol.
12041089;Comput. Animat. Virtual Worlds
12041090;J. Medical Syst.
12041091;Int. J. Comput. Math.
12041092;J. Ind. Inf. Integr.
12041093;Intelligenza Artificiale
12041094;Electron. Notes Discret. Math.
12041095;Paladyn J. Behav. Robotics
12041096;Neural Comput.
12041097;Found. Trends Technol. Inf. Oper. Manag.
12041098;Comput. Games J.
12041099;Reliab. Comput.
12041100;J. Comput. Sci. Eng.
12041101;Int. J. Gaming Comput. Mediat. Simulations
12041102;FDT Bull. ACM SIGFIDET SIGMOD
12041103;Int. J. Enterp. Inf. Syst.
12041104;Int. J. Appl. Math. Comput. Sci.
12041105;Math. Oper. Res.
12041106;Found. Trends Signal Process.
12041107;J. Netw. Comput. Appl.
12041108;EURO J. Comput. Optim.
12041109;Int. J. Inf. Comput. Secur.
12041110;J. Intell. Learn. Syst. Appl.
12041111;Int. J. Comput. Eng. Sci.
12041112;Computer
12041113;Algorithmica
12041114;Int. J. Embed. Syst.
12041115;Int. J. Robotics Appl. Technol.
12041116;Trans. Data Priv.
12041117;ERCIM News
12041118;Ad Hoc Sens. Wirel. Networks
12041119;EAI Endorsed Trans. Collab. Comput.
12041120;Traitement du Signal
12041121;Int. J. Comput. Geom. Appl.
12041122;Int. J. Adapt. Resilient Auton. Syst.
12041123;Poiesis Prax.
12041124;EURASIP J. Inf. Secur.
12041125;ACM Crossroads
12041126;XRDS
12041127;Int. J. Electron. Gov. Res.
12041128;J. Signal Process. Syst.
12041129;J. VLSI Signal Process.
12041130;J. Imaging
12041131;Quantum
12041132;ACM Trans. Database Syst.
12041133;Arch. Math. Log.
12041134;BIT
12041135;e Informatica Softw. Eng. J.
12041136;Int. J. Softw. Eng. Knowl. Eng.
12041137;Adv. Data Sci. Adapt. Anal.
12041138;IEEE Control. Syst. Lett.
12041139;Inf. Vis.
12041140;J. King Saud Univ. Comput. Inf. Sci.
12041141;Int. J. Math. Model. Numer. Optimisation
12041142;Arch. Formal Proofs
12041143;J. Real Time Image Process.
12041144;ACM J. Comput. Documentation
12041145;PeerJ Prepr.
12041146;Trans. Assoc. Comput. Linguistics
12041147;SIGHIT Rec.
12041148;Int. J. Mob. Hum. Comput. Interact.
12041149;Math. Model. Anal.
12041150;Discret. Comput. Geom.
12041151;ACM Trans. Access. Comput.
12041152;EAI Endorsed Trans. Complex Syst.
12041153;Int. J. Hybrid Intell. Syst.
12041154;Proc. Meet. Acoust.
12041155;Oper. Res. Lett.
12041156;Int. J. Soc. Robotics
12041157;Glottometrics
12041158;Frontiers Robotics AI
12041159;Int. J. Account. Inf. Syst.
12041160;Int. J. Biomed. Imaging
12041161;Networks Heterog. Media
12041162;Discret. Event Dyn. Syst.
12041163;Auton. Intell. Syst.
12041164;Finance Stochastics
12041165;Balt. J. Mod. Comput.
12041166;Math. Program. Comput.
12041167;Comput. Sci. Educ.
12041168;Int. J. Game Based Learn.
12041169;Methods Log. Comput. Sci.
12041170;J. ICT Dev. Appl. Res.
12041171;Int. J. Inf. Coding Theory
12041172;Int. J. Grid Util. Comput.
12041173;Int. J. Web Grid Serv.
12041174;Swarm Intell.
12041175;Interfaces
12041176;INFORMS J. Appl. Anal.
12041177;J. Robotics Netw. Artif. Life
12041178;Multimodal Technol. Interact.
12041179;SIAM J. Appl. Math.
12041180;SIAM Journal of Applied Mathematics
12041181;J. Bioinform. Comput. Biol.
12041182;J. Univers. Comput. Sci.
12041183;Cryptologia
12041184;J. Networks
12041185;Innov. Syst. Softw. Eng.
12041186;Open J. Databases
12041187;ACM Trans. Web
12041188;ACM Trans. Internet Things
12041189;J. Membr. Comput.
12041190;Comput. Biol. Chem.
12041191;Comput. Chem.
12041192;Neural Process. Lett.
12041193;J. Serv. Sci. Res.
12041194;Microelectron. J.
12041195;Rev. Colomb. de Computación
12041196;Commun. Assoc. Inf. Syst.
12041197;CAIS
12041198;Transp. Sci.
12041199;Int. J. ICT Res. Dev. Afr.
12041200;Int. J. Comput. Assist. Radiol. Surg.
12041201;Afr. J. Inf. Commun. Technol.
12041202;Int. J. Qual. Assur. Eng. Technol. Educ.
12041203;Parallel Comput.
12041204;J. Electr. Comput. Eng.
12041205;EURASIP J. Bioinform. Syst. Biol.
12041206;Discret. Optim.
12041207;Neural Parallel Sci. Comput.
12041208;J. Inf. Sci. Eng.
12041209;Fuzzy Sets Syst.
12041210;Inf. Soc.
12041211;J. Innov. Digit. Ecosyst.
12041212;ReCALL
12041213;IEEE Trans. Dependable Secur. Comput.
12041214;Data Knowl. Eng.
12041215;ACM Trans. Graph.
12041216;Adv. Complex Syst.
12041217;IEEE J. Sel. Top. Signal Process.
12041218;J. Sel. Topics Signal Processing
12041219;Int. J. Inf. Technol. Web Eng.
12041220;IEEE Trans. Hum. Mach. Syst.
12041221;Int. J. Artif. Life Res.
12041222;Int. J. Art Cult. Des. Technol.
12041223;Int. J. Comput. Vis. Image Process.
12041224;Robotersysteme
12041225;Algorithms
12041226;Int. J. Cyber Warf. Terror.
12041227;Found. Trends Program. Lang.
12041228;Int. J. Intell. Sci.
12041229;Image Process. Line
12041230;SIAM J. Math. Anal.
12041231;Comput. Softw. Big Sci.
12041232;Decis. Sci.
12041233;Knowl. Eng. Data Sci.
12041234;Int. J. Knowl. Based Organ.
12041235;Int. J. Netw. Virtual Organisations
12041236;J. Softw.
12041237;Elektrotech. Informationstechnik
12041238;Int. J. Manuf. Mater. Mech. Eng.
12041239;Comput. Geosci.
12041240;Logist. Res.
12041241;Proc. Natl. Acad. Sci. USA
12041242;Int. J. Electron. Secur. Digit. Forensics
12041243;Comput. Math. Organ. Theory
12041244;Int. J. Interoperability Bus. Inf. Syst.
12041245;Trans. High Perform. Embed. Archit. Compil.
12041246;Genom. Proteom. Bioinform.
12041247;Big Data Res.
12041248;Gov. Inf. Q.
12041249;Proc. ACM Program. Lang.
12041250;Math. Soc. Sci.
12041251;SIAM J. Financial Math.
12041252;J. Comput. Phys.
12041253;Netw. Secur.
12041254;Bull. Acad. Pol. des Sci. Ser. Sci. Math. Astron. Phys.
12041255;Asymptot. Anal.
12041256;Int. J. Electron. Bus. Manag.
12041257;Sci. Ann. Comput. Sci.
12041258;Sci. Ann. Cuza Univ.
12041259;BMC Bioinform.
12041260;Datenbank Rundbr.
12041261;GI Datenbank Rundbrief
12041262;Datenbank Rundbrief
12041263;Artif. Intell.
12041264;J. Mach. Learn. Res.
12041265;ACM Trans. Model. Perform. Evaluation Comput. Syst.
12041266;Comput. Sci. Rev.
12041267;Intell. Data Anal.
12041268;Artif. Life Robotics
12041269;Health Inf. Sci. Syst.
12041270;Found. Trends Inf. Retr.
12041271;Int. J. Hum. Comput. Interact.
12041272;IEEE Trans. Ind. Electron.
12041273;Intell. Syst. Account. Finance Manag.
12041274;Space Commun.
12041275;VLSI Design
12041276;Int. J. Asian Bus. Inf. Manag.
12041277;J. Field Robotics
12041278;ACM Trans. Asian Lang. Inf. Process.
12041279;ACM Trans. Asian Low Resour. Lang. Inf. Process.
12041280;J. Internet Serv. Appl.
12041281;Soft Comput.
12041282;Internet Technol. Lett.
12041283;Int. J. IT Stand. Stand. Res.
12041284;Ann. Pure Appl. Log.
12041285;Ann. Math. Log.
12041286;Ann. Pure Appl. Logic
12041287;Multim. Tools Appl.
12041288;J. Medical Imaging Health Informatics
12041289;Intell. Serv. Robotics
12041290;Comput. Appl. Math.
12041291;ACM J. Emerg. Technol. Comput. Syst.
12041292;Int. J. Strateg. Inf. Technol. Appl.
12041293;J. Phonetics
12041294;ARIMA J.
12041295;J. Comput. Secur.
12041296;J. Educ. Technol. Soc.
12041297;Int. J. Ad Hoc Ubiquitous Comput.
12041298;LOG IN
12041299;Future Internet
12041300;AI Matters
12041301;ACM Queue
12041302;Comput. Methods Programs Biomed.
12041303;Int. J. Mechatronics Autom.
12041304;Comput. Hum. Behav.
12041305;Int. J. Comput. Math. Comput. Syst. Theory
12041306;Int. J. Nanotechnol. Mol. Comput.
12041307;Int. J. Humanoid Robotics
12041308;Clust. Comput.
12041309;J. Comput. Inf. Syst.
12041310;Comput. Sci. Inf. Syst.
12041311;Discret. Math. Theor. Comput. Sci.
12041312;ACM Trans. Spatial Algorithms Syst.
12041313;Int. J. Web Eng. Technol.
12041314;Inf. Syst. Frontiers
12041315;J. Inf. Technol. Tour.
12041316;Comput. Chem. Eng.
12041317;J. Heal. Informatics Res.
12041318;Internet Res.
12041319;J. Comput. Biol.
12041320;Int. J. Knowl. Based Intell. Eng. Syst.
12041321;J. Robotics
12041322;Nano Commun. Networks
12041323;Inf. Manag.
12041324;IEEE Trans. Intell. Transp. Syst.
12041325;Art Sci. Eng. Program.
12041326;Stat. Comput.
12041327;GetMobile Mob. Comput. Commun.
12041328;ACM SIGMOBILE Mob. Comput. Commun. Rev.
12041329;J. Web Semant.
12041330;VLDB J.
12041331;Netw. Inf. Syst. J.
12041332;Artif. Life
12041333;BMC Syst. Biol.
12041334;ACM Trans. Program. Lang. Syst.
12041335;SIAM J. Numer. Anal.
12041336;Prague Bull. Math. Linguistics
12041337;ACM SIGSPATIAL Special
12041338;Int. J. Knowl. Discov. Bioinform.
12041339;IEEE Secur. Priv.
12041340;Int. J. Mach. Learn. Cybern.
12041341;IEEE Trans. Biomed. Circuits Syst.
12041342;Int. J. Comput. Vis. Robotics
12041343;J. Integr. Bioinform.
12041344;Commun. Netw.
12041345;User Model. User Adapt. Interact.
12041346;Frontiers Neurorobotics
12041347;Softw. Impacts
12041348;Theory Pract. Log. Program.
12041349;Int. J. Energy Optim. Eng.
12041350;Swarm Evol. Comput.
12041351;Discov. Internet Things
12041352;Mach. Vis. Appl.
12041353;IEEE Trans. Vis. Comput. Graph.
12041354;Int. J. Adult Vocat. Educ. Technol.
12041355;IEEE Pervasive Comput.
12041356;Int. J. Artif. Intell. Tools
12041357;Am. J. Comput. Math.
12041358;Aust. J. Intell. Inf. Process. Syst.
12041359;Math. Struct. Comput. Sci.
12041360;Inf. Serv. Use
12041361;Ledger
12041362;IEEE Commun. Lett.
12041363;Data Inf. Manag.
12041364;IEEE Internet Things J.
12041365;J. Digit. Imaging
12041366;Int. J. Soc. Media Interact. Learn. Environ.
12041367;Int. J. Intell. Comput. Cybern.
12041368;Public Libr. Q.
12041369;Phonetica
12041370;Proc. ACM Comput. Graph. Interact. Tech.
12041371;eLearn Mag.
12041372;J. Adv. Eng. Comput.
12041373;Int. J. Digit. Lit. Digit. Competence
12041374;Int. J. Knowl. Eng. Data Min.
12041375;Inf. Syst. Res.
12041376;Int. J. Arts Technol.
12041377;J. Am. Soc. Inf. Sci.
12041378;J. Assoc. Inf. Sci. Technol.
12041379;JASIS
12041380;J. Intell. Robotic Syst.
12041381;Ingénierie des Systèmes d Inf.
12041382;IEEE Trans. Biom. Behav. Identity Sci.
12041383;J. Sens. Actuator Networks
12041384;Neurocomputing
12041385;IEEE/ACM Trans. Netw.
12041386;Int. J. E Serv. Mob. Appl.
12041387;Frontiers Blockchain
12041388;J. Algorithms
12041389;Bioinform.
12041390;Comput. Appl. Biosci.
12041391;J. Big Data
12041392;Int. J. Reason. based Intell. Syst.
12041393;Monde des Util. Anal. Données
12041394;Int. J. Pervasive Comput. Commun.
12041395;Comput. Informatics
12041396;Comput. Artif. Intell.
12041397;Computers and Artificial Intelligence
12041398;Artif. Intell. Res.
12041399;Int. J. Adv. Pervasive Ubiquitous Comput.
12041400;Trans. Case Based Reason.
12041401;J. Softw. Eng. Res. Dev.
12041402;PeerJ Comput. Sci.
12041403;ACM Trans. Interact. Intell. Syst.
12041404;Auton. Agents Multi Agent Syst.
12041405;Int. J. Web Serv. Res.
12041406;J. Artif. Gen. Intell.
12041407;IEEE Robotics Autom. Lett.
12041408;Pattern Recognit.
12041409;Interactions
12041410;ACM Trans. Algorithms
12041411;Int. J. Law Inf. Technol.
12041412;IEEE Open J. Commun. Soc.
12041413;IEEE Trans. Comput. Aided Des. Integr. Circuits Syst.
12041414;IEEE Trans. Netw. Sci. Eng.
12041415;Int. J. Fuzzy Log. Intell. Syst.
12041416;Stud Logica
12041417;Artif. Intell. Eng. Des. Anal. Manuf.
12041418;Int. J. Semantic Web Inf. Syst.
12041419;Int. J. Cogn. Informatics Nat. Intell.
12041420;Int. J. Knowl. Learn.
12041421;IEEE Wirel. Commun. Lett.
12041422;Computing
12041423;Frontiers Artif. Intell.
12041424;Ann. GIS
12041425;Int. J. Wirel. Mob. Comput.
12041426;Contributions Discret. Math.
12041427;Int. J. Robotics Res.
12041428;Int. J. Syst. Dyn. Appl.
12041429;J. Soc. Comput.
12041430;Exp. Math.
12041431;EAI Endorsed Trans. Future Intell. Educ. Environ.
12041432;Int. J. Heal. Inf. Syst. Informatics
12041433;J. Comput. Eng.
12041434;Numer. Linear Algebra Appl.
12041435;IMPACT Comput. Sci. Eng.
12041436;J. Comput. Appl. Math.
12041437;Int. J. Comput. Process. Orient. Lang.
12041438;J. Cloud Comput.
12041439;Ind. Manag. Data Syst.
12041440;Virtual Real.
12041441;Int. J. Child Comput. Interact.
12041442;ACM Trans. Multim. Comput. Commun. Appl.
12041443;IEEE Micro
12041444;PsychNology J.
12041445;Int. J. Mob. Commun.
12041446;Int. J. Auton. Adapt. Commun. Syst.
12041447;J. Nonlinear Sci.
12041448;World Digit. Libr.
12041449;IEEE Trans. Learn. Technol.
12041450;Int. J. Strateg. Decis. Sci.
12041451;Comput. Graph.
12041452;Ann. des Télécommunications
12041453;Mach. Learn. Sci. Technol.
12041454;Speech Commun.
12041455;Speech Communication
12041456;ACM Trans. Inf. Syst.
12041457;Int. J. Serv. Stand.
12041458;Inroads
12041459;J. Multiple Valued Log. Soft Comput.
12041460;Enterp. Inf. Syst.
12041461;Web Intell. Agent Syst.
12041462;Web Intell.
12041463;IACR Cryptol. ePrint Arch.
12041464;IEEE Commun. Mag.
12041465;ACM J. Data Inf. Qual.
12041466;Int. J. Appl. Geospat. Res.
12041467;Des. Codes Cryptogr.
12041468;Int. J. Data Min. Model. Manag.
12041469;Mach. Learn. Knowl. Extr.
12041470;Model. Assist. Stat. Appl.
12041471;IEEE Trans. Emerg. Top. Comput. Intell.
12041472;Russ. Digit. Libr. J.
12041473;J. Strateg. Inf. Syst.
12041474;Digit. Creativity
12041475;Intell. Tutoring Media
12041476;Wirel. Sens. Netw.
12041477;World Wide Web J.
12041478;IEEE Trans. Veh. Technol.
12041479;IEEE J. Sel. Top. Appl. Earth Obs. Remote. Sens.
12041480;Datenbank-Spektrum
12041481;Int. J. IT Bus. Alignment Gov.
12041482;Inf. Resour. Manag. J.
12041483;J. Electronic Imaging
12041484;Int. J. Neural Syst.
12041485;Inf. Fusion
12041486;Int. J. Perform. Eng.
12041487;Bull. ICA
12041488;Knowl. Eng. Rev.
12041489;Wasserwirtsch.
12041490;IEEE Trans. Engineering Management
12041491;Netw. Sci.
12041492;Commun. Res.
12041493;IEEE Syst. J.
12041494;Scand. J. Inf. Syst.
12041495;Notre Dame J. Formal Log.
12041496;Int. J. Comput. Integr. Manuf.
12041497;Concurr. Comput. Pract. Exp.
12041498;Concurr. Pract. Exp.
12041499;Quantum Inf. Process.
12041500;Int. J. Networked Distributed Comput.
12041501;Softw. Concepts Tools
12041502;Struct. Program.
12041503;Int. J. Interact. Commun. Syst. Technol.
12041504;Mob. Inf. Syst.
12041505;Mach. Transl.
12041506;J. Exp. Theor. Artif. Intell.
12041507;Int. J. Organ. Collect. Intell.
12041508;Frontiers ICT
12041509;Adv. Inf. Sci. Serv. Sci.
12041510;J. Comput. Des. Eng.
12041511;Int. J. Comput. Simul.
12041512;Prod. Eng.
12041513;IEEE Trans. Robotics
12041514;IEEE Trans. Robotics Autom.
12041515;IEEE J. Robotics Autom.
12041516;J. Syst. Control. Eng.
12041517;Int. J. Comput. Sci. Educ. Sch.
12041518;J. Adv. Comput. Intell. Intell. Informatics
12041519;Polibits
12041520;POLIBITS
12041521;Int. J. Innov. Digit. Econ.
12041522;Serv. Oriented Comput. Appl.
12041523;Int. J. Comput. Biol. Drug Des.
12041524;Int. J. Algebra Comput.
12041525;Int. J. Gen. Syst.
12041526;Int. J. Appl. Pattern Recognit.
12041527;IEEE Trans. Very Large Scale Integr. Syst.
12041528;Int. J. Syst. Softw. Secur. Prot.
12041529;Comput. Secur.
12041530;Int. J. Approx. Reason.
12041531;Comput. Manag. Sci.
12041532;IET Circuits Devices Syst.
12041533;J. Geogr. Inf. Syst.
12041534;Prax. Inf.verarb. Kommun.
12041535;Kybernetes
12041536;ACM SIGMOD Anthology
12041537;SoftwareX
12041538;Comput. Sci. Res. Dev.
12041539;Inform. Forsch. Entwickl.
12041540;SICS Softw.-Intensive Cyber Phys. Syst.
12041541;Nord. J. Comput.
12041542;Distributed Comput.
12041543;Math. Morphol. Theory Appl.
12041544;Program
12041545;Data Technol. Appl.
12041546;J. Cogn. Neurosci.
12041547;IEEE Trans. Computational Imaging
12041548;J. Approx. Theory
12041549;J. Heuristics
12041550;Int. J. Decis. Support Syst. Technol.
12041551;Soc. Choice Welf.
12041552;Vietnam. J. Comput. Sci.
12041553;J. Community Informatics
12041554;Comput. Intell. Neurosci.
12041555;ACM Trans. Math. Softw.
12041556;Trans. Edutainment
12041557;J. Aerosp. Comput. Inf. Commun.
12041558;J. Aerosp. Inf. Syst.
12041559;IEEE Access
12041560;Int. J. Web Inf. Syst.
12041561;Int. J. Cloud Comput.
12041562;Networks
12041563;Am. Math. Mon.
12041564;EURASIP J. Wirel. Commun. Netw.
12041565;Inf. Syst. J.
12041566;Found. Trends Databases
12041567;AIS Trans. Hum. Comput. Interact.
12041568;MIS Q. Executive
12041569;Discret. Math.
12041570;INFOR Inf. Syst. Oper. Res.
12041571;IEEE Trans. Autom. Control.
12041572;Int. J. Softw. Sci. Comput. Intell.
12041573;Cogn. Comput. Syst.
12041574;J. Vis.
12041575;Optim. Lett.
12041576;Int. J. Fuzzy Syst.
12041577;J. Appl. Log.
12041578;Distributed Syst. Eng.
12041579;J. Numer. Cogn.
12041580;IEEE Trans. Commun.
12041581;SIAM J. Sci. Comput.
12041582;Open J. Web Technol.
12041583;Eur. J. Comb.
12041584;IEEE Trans. Mob. Comput.
12041585;Int. J. Multim. Data Eng. Manag.
12041586;Enterp. Model. Inf. Syst. Archit. Int. J. Concept. Model.
12041587;Found. Trends Netw.
12041588;Int. J. Autom. Technol.
12041589;IEEE Trans. Evol. Comput.
12041590;Int. J. Mob. Learn. Organisation
12041591;J. Symb. Comput.
12041592;Math. Control. Signals Syst.
12041593;J. Probl. Solving
12041594;Mark. Sci.
12041595;J. Appl. Comput. Topol.
12041596;Int. J. Technol. Diffusion
12041597;Circuits Syst. Signal Process.
12041598;Comput. Commun.
12041599;ACM Trans. Intell. Syst. Technol.
12041600;J. Object Oriented Program.
12041601;IEEE Trans. Prof. Commun.
12041602;ACM Trans. Internet Techn.
12041603;J. Data Min. Digit. Humanit.
12041604;Cogn. Process.
12041605;Complex Syst.
12041606;IET Blockchain
12041607;Rev. Socionetwork Strateg.
12041608;Inf. Econ. Policy
12041609;LNCS Trans. Found. Mastering Chang.
12041610;Game Stud.
12041611;Adv. Intell. Syst.
12041612;Int. J. Fog Comput.
12041613;IISE Trans.
12041614;Comput. Ind. Eng.
12041615;J. Database Manag.
12041616;IET Biom.
12041617;Peer-to-Peer Netw. Appl.
12041618;Cryptogr.
12041619;Int. J. Mob. Comput. Multim. Commun.
12041620;Int. J. Next Gener. Comput.
12041621;Int. J. Shape Model.
12041622;Comput. Music. J.
12041623;IEEE Veh. Technol. Mag.
12041624;Int. J. Virtual Pers. Learn. Environ.
12041625;Electron. Commer. Res.
12041626;J. Knowl. Manag.
12041627;Comput. Graph. X
12041628;Graph. Vis. Comput.
12041629;J. Digit. Content Technol. its Appl.
12041630;OOPS Messenger
12041631;Inf. Syst.
12041632;ACM Trans. Storage
12041633;J. Comput. Assist. Learn.
12041634;Smart Comput. Rev.
12041635;Appl. Artif. Intell.
12041636;IPSJ Trans. Comput. Vis. Appl.
12041637;Nat. Comput.
12041638;Int. J. Comput. Games Technol.
12041639;Ecol. Informatics
12041640;Biol. Cybern.
12041641;Kybern.
12041642;Memetic Comput.
12041643;Bull. EATCS
12041644;Appl. Categorical Struct.
12041645;Appl. Math. Lett.
12041646;Int. J. Comput. Appl. Technol.
12041647;ACM Trans. Inf. Syst. Secur.
12041648;ACM Trans. Priv. Secur.
12041649;Adv. Fuzzy Syst.
12041650;Int. J. Inf. Commun. Technol. Hum. Dev.
12041651;Signal Image Video Process.
12041652;Neuroinformatics
12041653;Softw. Microsystems
12041654;Int. J. Cyber Behav. Psychol. Learn.
12041655;Int. J. Comput. Commun. Control
12041656;Comb.
12041657;Bus. Inf. Syst. Eng.
12041658;Softw. Pract. Exp.
12041659;Telematics Informatics
12041660;Int. J. High Perform. Comput. Netw.
12041661;Int. J. Aviat. Technol. Eng. Manag.
12041662;J. Complex.
12041663;Pers. Ubiquitous Comput.
12041664;Log. J. IGPL
12041665;Bull. IGPL
12041666;Cogn. Technol. Work.
12041667;Formal Methods Syst. Des.
12041668;J. Cryptol.
12041669;J. Convergence Inf. Technol.
12041670;J. Inf. Technol. Constr.
12041671;J. Chin. Lang. Comput.
12041672;Int. J. Asian Lang. Process.
12041673;OCLC Syst. Serv.
12041674;Digit. Libr. Perspect.
12041675;Int. J. Online Pedagog. Course Des.
12041676;Secur. Priv.
12041677;ACM SIGAPL APL Quote Quad
12041678;J. Stat. Theory Appl.
12041679;Risk Decis. Anal.
12041680;BMC Genom.
12041681;Int. J. Ultra Wideband Commun. Syst.
12041682;J. Intell. Fuzzy Syst.
12041683;Fundam. Informaticae
12041684;Fundam. Inform.
12041685;J. Comput.
12041686;IEEE Trans. Serv. Comput.
12041687;IEEE ACM Trans. Audio Speech Lang. Process.
12041688;IEEE Trans. Speech Audio Process.
12041689;J. Theor. Appl. Electron. Commer. Res.
12041690;Theory Comput.
12041691;Scientometrics
12041692;ACM Comput. Surv.
12041693;J. Circuits Syst. Comput.
12041694;J. Web Sci.
12041695;Int. J. Intell. Mechatronics Robotics
12041696;Environ. Model. Softw.
12041697;Brain Informatics
12041698;IEEE Trans. Cloud Comput.
12041699;Open J. Big Data
12041700;Int. J. Funct. Informatics Pers. Medicine
12041701;Int. J. Comput. Linguistics Chin. Lang. Process.
12041702;ACM Trans. Manag. Inf. Syst.
12041703;NeuroImage
12041704;Object Oriented Syst.
12041705;Int. J. Technol. Hum. Interact.
12041706;ACM SIGMOD Digit. Symp. Collect.
12041707;Hypermedia
12041708;Earth Sci. Informatics
12041709;EURASIP J. Embed. Syst.
12041710;ACM Trans. Embed. Comput. Syst.
12041711;Math. Methods Oper. Res.
12041712;Unternehmensforschung
12041713;Z. Oper. Research
12041714;ZOR Methods Model. Oper. Res.
12041715;Data Sci. Eng.
12041716;Int. J. Inf. Retr. Res.
12041717;Aslib Proc.
12041718;Aslib J. Inf. Manag.
12041719;Comput. Vis. Graph. Image Process.
12041720;Comput. Graph. Image Process.
12041721;Graph. Model. Image Process.
12041722;Graph. Model.
12041723;CVGIP Graph. Model. Image Process.
12041724;Sci. J. Riga Tech. Univ. Ser. Comput. Sci.
12041725;J. Embed. Comput.
12041726;Softwaretechnik-Trends
12041727;Frontiers Inf. Technol. Electron. Eng.
12041728;J. Zhejiang Univ. Sci. C
12041729;Commun. Nonlinear Sci. Numer. Simul.
12041730;J. Ambient Intell. Smart Environ.
12041731;Cogn. Comput.
12041732;Int. Arab. J. e Technol.
12041733;IEEE Signal Process. Mag.
12041734;Data Sci. J.
12041735;Knowl. Inf. Syst.
12041736;MMI Interakt.
12041737;J. Funct. Log. Program.
12041738;Digit. Gov. Res. Pract.
12041739;Discuss. Math. Graph Theory
12041740;LDV Forum
12041741;J. Lang. Technol. Comput. Linguistics
12041742;Int. J. Comput. Sci. Appl.
12041743;Int. J. Intell. Inf. Database Syst.
12041744;IEEE Trans. Smart Grid
12041745;Inf. Wiss. Prax.
12041746;Nachrichten Dok.
12041747;Electron. Gov. an Int. J.
12041748;Rev. Avances en Sistemas Informática
12041749;Theory Biosci.
12041750;IET Cyper-Phys. Syst.: Theory & Appl.
12041751;Trans. Mach. Learn. Data Min.
12041752;J. Inf. Law Technol.
12041753;J. Classif.
12041754;Electron. Publ.
12041755;Adv. Softw. Eng.
12041756;IEICE Electron. Express
12041757;SIGARCH Comput. Archit. News
12041758;Empir. Softw. Eng.
12041759;Int. Trans. Syst. Sci. Appl.
12041760;Pattern Anal. Appl.
12041761;Pac. Asia J. Assoc. Inf. Syst.
12041762;Ars Math. Contemp.
12041763;J. Supercomput.
12041764;Int. J. Soc. Organ. Dyn. IT
12041765;J. Lond. Math. Soc.
12041766;J. Biomed. Semant.
12041767;Connect. Sci.
12041768;IEEE Trans. Control. Netw. Syst.
12041769;J. Locat. Based Serv.
12041770;IET Comput. Vis.
12041771;OR Spectr.
12041772;J. High Speed Networks
12041773;New Media Soc.
12041774;Int. J. High Speed Comput.
12041775;AIS Trans. Replication Res.
12041776;Inf. Manag. Comput. Security
12041777;Inf. Comput. Secur.
12041778;Inf. Manag. Comput. Secur.
12041779;JSIAM Lett.
12041780;J. Comput. Aided Mol. Des.
12041781;Unmanned Syst.
12041782;Computerworld
12041783;Des. Autom. Embed. Syst.
12041784;Astron. Comput.
12041785;Sci. China Ser. F Inf. Sci.
12041786;Sci. China Inf. Sci.
12041787;IACR Trans. Cryptogr. Hardw. Embed. Syst.
12041788;Ars Comb.
12041789;J. Integer Seq.
12041790;CAAI Trans. Intell. Technol.
12041791;Comput. Aided Des.
12041792;Secur. Commun. Networks
12041793;login Usenix Mag.
12041794;Adv. Eng. Softw.
12041795;Trans. Petri Nets Other Model. Concurr.
12041796;IEEE Trans. Haptics
12041797;Discret. Math. Algorithms Appl.
12041798;Multiagent Grid Syst.
12041799;Qual. Reliab. Eng. Int.
12041800;IEEE Comput. Archit. Lett.
12041801;Geo spatial Inf. Sci.
12041802;Mach. Learn.
12041803;Integers
12041804;Int. J. Inf. Process. Manag.
12041805;AI Commun.
12041806;IEEE CAA J. Autom. Sinica
12041807;Soc. Netw. Anal. Min.
12041808;J. Comput. Virol. Hacking Tech.
12041809;J. Comput. Virol.
12041810;Int. J. Granul. Comput. Rough Sets Intell. Syst.
12041811;IEEE Consumer Electron. Mag.
12041812;PLoS Comput. Biol.
12041813;EAI Endorsed Trans. Cloud Syst.
12041814;Int. J. Sens. Networks
12041815;Digit. Appl. Archaeol. Cult. Heritage
12041816;J. Clin. Bioinform.
12041817;Int. Trans. Oper. Res.
12041818;Open Syst. Inf. Dyn.
12041819;IEEE Expert
12041820;IEEE Intell. Syst.
12041821;unpublished
12041822;Int. J. Reconfigurable Comput.
12041823;Ethics Inf. Technol.
12041824;Optim. Methods Softw.
12041825;Int. J. RF Technol. Res. Appl.
12041826;Veh. Commun.
12041827;ACM Trans. Parallel Comput.
12041828;J. Comput. Sci.
12041829;Angew. Inform.
12041830;Wirtschaftsinf.
12041831;Patterns
12041832;Eur. J. Inf. Syst.
12041833;IEEE Computer Graphics and Applications
12041834;Mob. Networks Appl.
12041835;J. Interconnect. Networks
12041836;ACM Trans. Cyber Phys. Syst.
12041837;Open J. Inf. Syst.
12041838;Central Eur. J. Oper. Res.
12041839;Cogn. Syst. Res.
12041840;IET Wirel. Sens. Syst.
12041841;First Monday
12041842;J. Num. Math.
12041843;J. Electron. Test.
12041844;Int. J. Secur. Networks
12041845;Frontiers Appl. Math. Stat.
12041846;Int. J. Inf. Syst. Supply Chain Manag.
12041847;Bus. Process. Manag. J.
12041848;Open J. Internet Things
12041849;Int. J. Adv. Corp. Learn.
12041850;BMC Medical Informatics Decis. Mak.
12041851;J. Multimodal User Interfaces
12041852;Int. J. Agent Technol. Syst.
12041853;Informatica Didact.
12041854;Int. J. Comput. Support. Collab. Learn.
12041855;AGIT Journal
12041856;AGIT Journal Angew. Geoinformatik
12041857;Int. J. Wirel. Networks Broadband Technol.
12041858;Quantum Inf. Comput.
12041859;Signal Process. Image Commun.
12041860;ACM SIGLOG News
12041861;Comput. Complex.
12041862;Int. J. Big Data Intell. Appl.
12041863;Adv. Comput.
12041864;IEEE Multim.
12041865;Inform. Spektrum
12041866;J. Data Intell.
12041867;J. Ubiquitous Syst. Pervasive Networks
12041868;Int. J. Comb. Optim. Probl. Informatics
12041869;J. Biomed. Informatics X
12041870;Int. J. Softw. Informatics
12041871;Int. J. Found. Comput. Sci.
12041872;J. Artif. Intell. Conscious.
12041873;EPJ Data Sci.
12041874;Comput. Phys. Commun.
12041875;Trans. Data Hiding Multim. Secur.
12041876;Rev. Iberoam. de Tecnol. del Aprendiz.
12041877;J. Inf. Technol.
12041878;Int. J. Eng. Soc. Justice Peace
12041879;Int. J. Semantic Comput.
12041880;Int. J. Bio Inspired Comput.
12041881;J. Inf. Process. Syst.
12041882;Comput. Stat. Data Anal.
12041883;Interact. Comput.
12041884;Int. J. Simul. Process. Model.
12041885;IEEE Trans. Sustain. Comput.
12041886;EURO J. Transp. Logist.
12041887;J. Artif. Intell. Soft Comput. Res.
12041888;IET Commun.
12041889;Int. J. Appl. Earth Obs. Geoinformation
12041890;Int. J. Knowl. Syst. Sci.
12041891;Electron. Colloquium Comput. Complex.
12041892;Int. J. Inf. Secur. Priv.
12041893;Comput. Math. Methods
12041894;Obj. Logiciel Base données Réseaux
12041895;Math. Comput. Sci.
12041896;Webology
12041897;Big Data
12041898;J. Quant. Linguistics
12041899;Adv. Robotics
12041900;Evol. Comput.
12041901;J. Stat. Softw.
12041902;Adv. Decis. Sci.
12041903;Educ. Inf.
12041904;Int. J. Distance Educ. Technol.
12041905;ACM SIGSOFT Softw. Eng. Notes
12041906;J. Math. Model. Algorithms
12041907;J. Math. Model. Algorithms Oper. Res.
12041908;Int. J. Medical Eng. Informatics
12041909;Cybern. Hum. Knowing
12041910;J. Sched.
12041911;Int. J. Learn. Technol.
12041912;Public Transp.
12041913;J. Uncertain Syst.
12041914;Hum. Comput.
12041915;Comput. Entertain.
12041916;Int. J. Web Appl.
12041917;Int. J. Image Graph.
12041918;J. Comput. Chem.
12041919;ACM Trans. Appl. Percept.
12041920;Logica Universalis
12041921;Comput. methods Biomech. Biomed. Eng. Imaging Vis.
12041922;Dagstuhl Artifacts Ser.
12041923;J. Digit. Forensic Pract.
12041924;Source Code Biol. Medicine
12041925;J. Sci. Comput.
12041926;J. Am. Medical Informatics Assoc.
12041927;Annu. Rev. Inf. Sci. Technol.
12041928;Ann. UMCS Informatica
12041929;J. Inf. Hiding Multim. Signal Process.
12041930;IEEE Trans. Green Commun. Netw.
12041931;ACM Trans. Comput. Syst.
12041932;Int. J. Inf. Syst. Crisis Response Manag.
12041933;Int. J. Bioinform. Res. Appl.
12041934;Comput. Biol. Medicine
12041935;J. Organ. Comput. Electron. Commer.
12041936;J. Organ. Comput.
12041937;Robotica
12041938;Int. J. Auton. Comput.
12041939;INFORMS J. Comput.
12041940;i-com
12041941;Datenschutz und Datensicherheit
12041942;Electron. Commun. Eur. Assoc. Softw. Sci. Technol.
12041943;Briefings Bioinform.
12041944;Brain Connect.
12041945;BMC Medical Imaging
12041946;IEEE Parallel Distributed Technol. Syst. Appl.
12041947;IEEE Concurr.
12041948;IEEE Concurrency
12041949;Art Discret. Appl. Math.
12041950;Int. J. Bifurc. Chaos
12041951;Int. J. Technoethics
12041952;Systems and Computers in Japan
12041953;IEEE Trans. Multi Scale Comput. Syst.
12041954;Adv. Multim.
12041955;Int. J. Comput. Aided Eng. Technol.
12041956;Int. J. Comput. Sci. Eng.
12041957;Proc. VLDB Endow.
12041958;Educ. Inf. Technol.
12041959;Softw. Process. Improv. Pract.
12041960;ACM SIGACCESS Access. Comput.
12041961;ACM J. Exp. Algorithmics
12041962;Open J. Math. Optim.
12041963;Coll. Res. Libr.
12041964;Int. J. Distributed Syst. Technol.
12041965;J. Intell. Syst.
12041966;IEEE Trans. Cogn. Commun. Netw.
12041967;Turkish J. Electr. Eng. Comput. Sci.
12041968;Electron. J. Inf. Syst. Dev. Ctries.
12041969;Chic. J. Theor. Comput. Sci.
12041970;Appl. Algebra Eng. Commun. Comput.
12041971;ACM Trans. Softw. Eng. Methodol.
12041972;J. Complex Networks
12041973;SIAM Rev.
12041974;Found. Trends Inf. Syst.
12041975;Symmetry
12041976;GeoInformatica
12041977;InnovaInt. J. Actor Netw. Theory Technol. Innov.
12041978;Electron. J. Comb.
12041979;CCF Trans. Netw.
12041980;J. Inf. Process.
12041981;Acta Informatica Pragensia
12041982;J. Information Security
12041983;Circuits Syst.
12041984;J. Satisf. Boolean Model. Comput.
12041985;Int. J. Wirel. Opt. Commun.
12041986;Int. J. Bus. Data Commun. Netw.
12041987;Inf. Syst. E Bus. Manag.
12041988;ACM Trans. Evol. Learn. Optim.
12041989;J. Adv. Inf. Fusion
12041990;Int. J. Crit. Infrastructure Prot.
12041991;Virtual Real. Intell. Hardw.
12041992;Int. J. Soc. Comput. Cyber Phys. Syst.
12041993;J. Graphics, GPU, & Game Tools
12041994;J. Graph. Tools
12041995;IEEE Trans. Reliab.
12041996;Found. Trends Web Sci.
12041997;Iran J. Comput. Sci.
12041998;Theory Pract. Object Syst.
12041999;J. Comput. Inf. Sci. Eng.
12042000;Int. J. Intell. Eng. Informatics
12042001;Sustain. Comput. Informatics Syst.
12042002;Int. J. Grid High Perform. Comput.
12042003;Int. J. Softw. Innov.
12042004;J. Informetrics
12042005;Finite Fields Their Appl.
12042006;Period. Math. Hung.
12042007;ACM Stand.
12042008;IEEE Trans. Consumer Electron.
12042009;Comput. Commun. Rev.
12042010;IEEE Trans. Knowl. Data Eng.
12042011;EAI Endorsed Trans. Mob. Commun. Appl.
12042012;J. Manag. Inf. Syst.
12042013;IEEE Trans. Computers
12042014;IEEE Trans. Electron. Comput.
12042015;IRE Trans. Electron. Comput.
12042016;Trans. I R E Prof. Group Electron. Comput.
12042017;Argument Comput.
12042018;Informatics
12042019;Int. J. E Politics
12042020;Found. Trends Hum. Comput. Interact.
12042021;SN Comput. Sci.
12042022;IEEE Trans. Cybern.
12042023;Adv. Comput. Math.
12042024;SIGBED Rev.
12042025;Int. J. Learn. Anal. Artif. Intell. Educ.
12042026;Parallel Algorithms Appl.
12042027;Int. J. Parallel Emergent Distributed Syst.
12042028;AI Soc.
12042029;J. Electron. Commer. Res.
12042030;Concurr. Eng. Res. Appl.
12042031;Netw. Protoc. Algorithms
12042032;4OR
12042033;Multiscale Model. Simul.
12042034;Compulog Newsletter
12042035;Technical Rep. UKSC 0060, IBM United Kingdom Scientific Centre
12042036;Research Report / RJ / IBM / San Jose, California
12042037;Hydrology and Earth System Sciences
12042038;ETH Zurich, Department of Computer Science / Technical Report
12042039;Universität Trier, Mathematik/Informatik, Forschungsbericht
12042040;Technical Report
12042041;meltdownattack.com
12042042;IWBS Report
12042043;LILOG-Report
12042044;LILOG-Memo
12042045;IBM Publication
12042046;Research Report / G / IBM / Cambridge Scientific Center
12042047;ANSI X3H2
12042048;ANSI X2H2
12042049;GTE Laboratories Incorporated
12042050;Digital System Research Center Report
12042051;University of California at Berkeley
